KiK-net,ABSH01,雄武,OMU,44.5276,142.8444,105,100,北海道,KiK-net18,
KiK-net,ABSH02,興部西,OKOPPE-W,44.4234,143.0264,38,113,北海道,KiK-net18,
KiK-net,ABSH03,興部東,OKOPPE-E,44.3843,143.2407,30,100,北海道,KiK-net18,
KiK-net,ABSH04,滝上北,TAKINOUE-N,44.1920,143.0767,134,200,北海道,KiK-net18,
KiK-net,ABSH05,滝上南,TAKINOUE-S,44.1146,143.0111,255,106,北海道,KiK-net18,
KiK-net,ABSH06,湧別北,YUBETSU-N,44.2146,143.6202,7,100,北海道,KiK-net18,
KiK-net,ABSH07,白滝,SHIRATAKI,43.8494,143.0861,699,127,北海道,KiK-net18,
KiK-net,ABSH08,斜里北,SHARI-N,44.0640,144.9935,65,105,北海道,KiK-net18,
KiK-net,ABSH09,斜里南,SHARI-S,43.9269,144.8071,40,157,北海道,KiK-net11B,
KiK-net,ABSH10,佐呂間,SAROMA,44.0813,143.9455,5,300,北海道,KiK-net18,
KiK-net,ABSH11,女満別,MEMAMBETSU,43.9144,144.1913,40,122,北海道,KiK-net11B,
KiK-net,ABSH12,小清水,KOSHIMIZU,43.8566,144.4574,25,120,北海道,KiK-net18,
KiK-net,ABSH13,留辺蘂,RUBESHIBE,43.7419,143.4514,321,105,北海道,KiK-net11B,
KiK-net,ABSH14,美幌,BIHORO,43.7228,144.1835,87,103,北海道,KiK-net18,
KiK-net,ABSH15,置戸東,OKETO-E,43.6352,143.5100,292,100,北海道,KiK-net18,
K-NET,AIC001,尾西,BISAI,35.2974,136.7505,5,-,愛知県,K-NET11A,
K-NET,AIC002,小牧,KOMAKI,35.2979,136.9154,21,-,愛知県,K-NET11A,
K-NET,AIC003,津島,TSUSHIMA,35.1734,136.7402,-1,-,愛知県,K-NET11A,
K-NET,AIC004,名古屋,NAGOYA,35.0631,136.9738,30,-,愛知県,K-NET11A,
K-NET,AIC005,藤岡,FUJIOKA,35.1983,137.2061,134,-,愛知県,K-NET11A,
K-NET,AIC006,稲武,INABU,35.2158,137.5089,505,-,愛知県,K-NET11A,
K-NET,AIC007,足助,ASUKE,35.1394,137.3353,158,-,愛知県,---,休止
K-NET,AIC008,設楽,SHITARA,35.1006,137.5757,479,-,愛知県,K-NET11A,
K-NET,AIC009,豊田,TOYOTA,35.0813,137.1466,55,-,愛知県,K-NET11A,
K-NET,AIC010,作手,TSUKUDE,34.9803,137.4297,539,-,愛知県,K-NET11A,
K-NET,AIC011,知多,CHITA,34.9966,136.8641,5,-,愛知県,K-NET11A,
K-NET,AIC012,安城,ANJO,34.9119,137.0446,4,-,愛知県,K-NET11A,
K-NET,AIC013,長篠,NAGASHINO,34.9529,137.6067,92,-,愛知県,K-NET11A,
K-NET,AIC014,蒲郡,GAMAGORI,34.8285,137.2199,10,-,愛知県,K-NET11A,
K-NET,AIC015,豊橋,TOYOHASHI,34.7552,137.4040,17,-,愛知県,K-NET11A,
K-NET,AIC016,美浜,MIHAMA,34.7784,136.9082,4,-,愛知県,K-NET11A,
K-NET,AIC017,田原,TAHARA,34.6697,137.2638,10,-,愛知県,K-NET11A,
K-NET,AIC018,渥美,ATSUMI,34.6220,137.1086,22,-,愛知県,K-NET11A,
KiK-net,AICH04,安城,ANJO,34.9319,137.0568,5,1055,愛知県,KiK-net11C,
KiK-net,AICH05,常滑,TOKONAME,34.8886,136.8763,50,401,愛知県,---,休止
KiK-net,AICH06,渥美,ATSUMI,34.6158,137.0419,5,300,愛知県,KiK-net11A,
KiK-net,AICH07,旭,ASAHI,35.2194,137.4039,621,201,愛知県,KiK-net11A,
KiK-net,AICH08,額田,NUKATA,34.9189,137.2993,90,100,愛知県,KiK-net11A,
KiK-net,AICH09,豊橋,TOYOHASHI,34.6643,137.3902,60,360,愛知県,KiK-net11A,
KiK-net,AICH10,鳳来,HORAI,35.0002,137.6243,160,100,愛知県,KiK-net11A,
KiK-net,AICH11,春日井,KASUGAI,35.3059,137.0570,162,100,愛知県,KiK-net11A,
KiK-net,AICH12,幡豆,HAZU,34.7884,137.1057,10,401,愛知県,KiK-net11A,
KiK-net,AICH13,清洲,KIYOSU,35.2177,136.8509,5,741,愛知県,KiK-net18,
KiK-net,AICH14,長久手,NAGAKUTE,35.1842,137.0474,60,207,愛知県,KiK-net18,
KiK-net,AICH15,足助,ASUKE,35.1392,137.3359,150,120,愛知県,KiK-net11B,
KiK-net,AICH16,設楽,SHITARA,35.1543,137.5350,655,101,愛知県,KiK-net11B,
KiK-net,AICH17,豊根,TOYONE,35.1840,137.7268,755,101,愛知県,KiK-net11B,
KiK-net,AICH18,岡崎,OKAZAKI,34.9635,137.2377,200,100,愛知県,KiK-net11B,
KiK-net,AICH19,作手,TSUKUDE,34.9512,137.4114,545,100,愛知県,KiK-net11B,
KiK-net,AICH20,新城,SHINSHIRO,34.8976,137.4876,55,100,愛知県,KiK-net18,
KiK-net,AICH21,南知多,MINAMICHITA,34.7401,136.9385,20,100,愛知県,KiK-net18,
KiK-net,AICH22,豊橋北,TOYOHASHI-N,34.7853,137.4393,30,200,愛知県,KiK-net11B,
KiK-net,AICH23,常滑2,TOKONAME2,34.8806,136.8316,3,980,愛知県,KiK-net11A,
K-NET,AKT001,小坂,KOSAKA,40.3280,140.7429,166,-,秋田県,K-NET11B,
K-NET,AKT002,大館,OHDATE,40.2676,140.5664,69,-,秋田県,K-NET11C,
K-NET,AKT003,藤里,FUJISATO,40.2784,140.2631,35,-,秋田県,K-NET11C,
K-NET,AKT004,八森,HACHIMORI,40.3886,139.9822,27,-,秋田県,K-NET11C,
K-NET,AKT005,能代,NOSHIRO,40.2020,140.0286,17,-,秋田県,K-NET11C,
K-NET,AKT006,鹿角,KAZUNO,40.2153,140.7873,123,-,秋田県,K-NET11B,
K-NET,AKT007,琴丘,KOTOOKA,40.0376,140.0919,17,-,秋田県,K-NET11C,
K-NET,AKT008,飯田川,IITAGAWA,39.8840,140.0706,4,-,秋田県,K-NET11C,
K-NET,AKT009,男鹿,OGA,39.8869,139.8467,16,-,秋田県,K-NET11C,
K-NET,AKT010,秋田,AKITA,39.7223,140.0998,6,-,秋田県,K-NET11C,
K-NET,AKT011,宮田,MIYATA,39.8133,140.5805,315,-,秋田県,K-NET11B,
K-NET,AKT012,田沢湖,TAZAWAKO,39.7014,140.7178,206,-,秋田県,K-NET11B,
K-NET,AKT013,協和,KYOWA,39.6071,140.3209,39,-,秋田県,K-NET11C,
K-NET,AKT014,角館,KAKUNODATE,39.5950,140.5573,56,-,秋田県,K-NET11B,
K-NET,AKT015,本荘,HONJO,39.3844,140.0519,5,-,秋田県,K-NET11C,
K-NET,AKT016,大曲,OHMAGARI,39.4545,140.4758,25,-,秋田県,K-NET11C,
K-NET,AKT017,横手,YOKOTE,39.2978,140.5621,81,-,秋田県,K-NET11C,
K-NET,AKT018,鳥海,CHOKAI,39.1937,140.1899,114,-,秋田県,K-NET11B,
K-NET,AKT019,雄勝,OGACHI,39.0390,140.4490,173,-,秋田県,K-NET11B,
K-NET,AKT020,象潟,KISAKATA,39.2027,139.9088,7,-,秋田県,K-NET11B,
K-NET,AKT021,阿仁,ANI,39.9940,140.4035,119,-,秋田県,K-NET11B,
K-NET,AKT022,玉川,TAMAGAWA,39.7739,140.6669,270,-,秋田県,K-NET11B,
K-NET,AKT023,椿台,TSUBAKIDAI,39.1464,140.7161,277,-,秋田県,K-NET11B,
KiK-net,AKTH01,西木北,NISHIKI-N,39.8147,140.5790,318,100,秋田県,KiK-net18,
KiK-net,AKTH02,西木南,NISHIKI-S,39.6634,140.5721,95,100,秋田県,KiK-net18,
KiK-net,AKTH03,矢島,YASHIMA,39.2223,140.1283,145,103,秋田県,KiK-net11A,
KiK-net,AKTH04,東成瀬,HIGASHINARUSE,39.1740,140.7129,280,100,秋田県,KiK-net18,
KiK-net,AKTH05,鳥海,CHOKAI,39.0718,140.3185,275,200,秋田県,KiK-net18,
KiK-net,AKTH06,雄勝,OGACHI,38.9801,140.4952,285,100,秋田県,KiK-net11C,
KiK-net,AKTH07,小坂,KOSAKA,40.4563,140.8395,405,105,秋田県,KiK-net18,
KiK-net,AKTH08,藤里,FUJISATO,40.3188,140.2341,125,200,秋田県,KiK-net18,
KiK-net,AKTH09,田代,TASHIRO,40.2755,140.4596,45,101,秋田県,KiK-net18,
KiK-net,AKTH10,大館,ODATE,40.3002,140.5812,85,100,秋田県,KiK-net18,
KiK-net,AKTH11,男鹿,OGA,39.9554,139.7623,56,350,秋田県,KiK-net11C,
KiK-net,AKTH12,五城目,GOJOME,39.9155,140.2221,90,100,秋田県,KiK-net11A,
KiK-net,AKTH13,阿仁,ANI,39.9819,140.4072,145,100,秋田県,KiK-net18,
KiK-net,AKTH14,鹿角,KAZUNO,40.0622,140.8084,320,108,秋田県,KiK-net11A,
KiK-net,AKTH15,協和,KYOWA,39.6884,140.4075,165,100,秋田県,KiK-net11A,
KiK-net,AKTH16,西仙北,NISHISEMBOKU,39.5450,140.3481,20,154,秋田県,KiK-net18,
KiK-net,AKTH17,中仙,NAKASEN,39.5575,140.6116,95,177,秋田県,KiK-net11A,
KiK-net,AKTH18,大森,OMORI,39.3548,140.3869,65,100,秋田県,KiK-net18,
KiK-net,AKTH19,湯沢,YUZAWA,39.1913,140.4710,74,180,秋田県,KiK-net18,
K-NET,AOM001,大間,OHMA,41.5269,140.9246,38,-,青森県,K-NET18,
K-NET,AOM002,福浦,FUKUURA,41.3280,140.8132,13,-,青森県,K-NET11B,
K-NET,AOM003,大畑,OHHATA,41.4054,141.1699,2,-,青森県,K-NET11B,
K-NET,AOM004,尻屋,SHIRIYA,41.4064,141.4477,29,-,青森県,K-NET18,
K-NET,AOM005,むつ,MUTSU,41.2949,141.1972,10,-,青森県,K-NET11B,
K-NET,AOM006,川内,KAWAUCHI,41.1976,140.9979,1,-,青森県,K-NET11B,
K-NET,AOM007,南通,MINAMIDORI,41.1689,141.3845,17,-,青森県,K-NET18,
K-NET,AOM008,横浜,YOKOHAMA,41.0844,141.2554,16,-,青森県,K-NET11B,
K-NET,AOM009,六ヶ所,ROKKASHO,40.9658,141.3730,13,-,青森県,K-NET18,
K-NET,AOM010,野辺地,NOHEJI,40.8724,141.1427,21,-,青森県,K-NET18,
K-NET,AOM011,三沢,MISAWA,40.6803,141.3669,43,-,青森県,K-NET18,
K-NET,AOM012,八戸,HACHINOHE,40.5127,141.4880,12,-,青森県,K-NET11C,
K-NET,AOM013,南部,NAMBU,40.4126,141.2813,29,-,青森県,K-NET11C,
K-NET,AOM014,子ノ口,NENOKUCHI,40.4472,140.9403,432,-,青森県,K-NET11B,
K-NET,AOM015,碇ヶ関,IKARIGASEKI,40.4791,140.6268,137,-,青森県,K-NET11B,
K-NET,AOM016,弘前,HIROSAKI,40.6021,140.4982,28,-,青森県,K-NET11B,
K-NET,AOM017,深浦,FUKAURA,40.6388,139.9295,24,-,青森県,K-NET18,
K-NET,AOM018,鯵ヶ沢,AJIGASAWA,40.7776,140.2060,38,-,青森県,K-NET11B,
K-NET,AOM019,五所川原,GOSHOGAWARA,40.8152,140.4470,8,-,青森県,K-NET11B,
K-NET,AOM020,青森,AOMORI,40.8194,140.7498,3,-,青森県,K-NET11B,
K-NET,AOM021,十和田,TOWADA,40.6150,141.2083,71,-,青森県,K-NET11B,
K-NET,AOM022,東田沢,HIGASHITAZAWA,40.9923,140.9161,4,-,青森県,K-NET18,
K-NET,AOM023,中里,NAKASATO,40.9664,140.4317,6,-,青森県,K-NET18,
K-NET,AOM024,蟹田,KANITA,41.0473,140.6399,2,-,青森県,K-NET18,
K-NET,AOM025,今別,IMABETSU,41.1797,140.4805,8,-,青森県,K-NET18,
K-NET,AOM026,小泊,KODOMARI,41.1280,140.3107,12,-,青森県,K-NET18,
K-NET,AOM027,脇野沢,WAKINOSAWA,41.1457,140.8219,16,-,青森県,K-NET11B,
K-NET,AOM028,八甲田,HAKKODA,40.7004,140.9190,568,-,青森県,K-NET11B,
K-NET,AOM029,西目屋,NISHIMEYA,40.5764,140.2968,123,-,青森県,K-NET11B,
KiK-net,AOMH01,大間,OMA,41.5273,140.9127,10,100,青森県,KiK-net18,
KiK-net,AOMH02,佐井,SAI,41.4049,140.8567,30,200,青森県,KiK-net18,
KiK-net,AOMH03,川内,KAWAUCHI,41.2340,140.9896,20,100,青森県,KiK-net11C,
KiK-net,AOMH04,青森,AOMORI,40.8524,140.6759,10,307,青森県,KiK-net18,
KiK-net,AOMH05,野辺地,NOHEJI,40.8564,141.1033,45,312,青森県,KiK-net18,
KiK-net,AOMH06,六ヶ所,ROKKASHO,40.9664,141.3738,5,100,青森県,KiK-net18,
KiK-net,AOMH07,深浦,FUKAURA,40.7451,140.0233,35,109,青森県,KiK-net11,
KiK-net,AOMH08,鰺ヶ沢,AJIGASAWA,40.7618,140.3121,50,160,青森県,KiK-net18,
KiK-net,AOMH09,岩木,IWAKI,40.6199,140.3499,160,162,青森県,KiK-net18,
KiK-net,AOMH10,黒石,KUROISHI,40.6091,140.6646,102,106,青森県,KiK-net11A,
KiK-net,AOMH11,十和田湖西,TOWADAKO-W,40.5800,140.9950,240,100,青森県,KiK-net18,
KiK-net,AOMH12,十和田湖東,TOWADAKO-E,40.5846,141.1547,85,100,青森県,KiK-net18,
KiK-net,AOMH13,八戸,HACHINOHE,40.5794,141.4451,10,150,青森県,KiK-net11C,
KiK-net,AOMH14,西目屋,NISHIMEYA,40.5488,140.2726,158,100,青森県,KiK-net18,
KiK-net,AOMH15,大鰐,OWANI,40.4841,140.5565,130,100,青森県,KiK-net18,
KiK-net,AOMH16,新郷,SHINGO,40.4624,141.0923,315,150,青森県,KiK-net18,
KiK-net,AOMH17,名川,NAGAWA,40.4492,141.3374,65,114,青森県,KiK-net11C,
KiK-net,AOMH18,田子,TATSUKO,40.2962,141.0145,235,100,青森県,KiK-net18,
K-NET,CHB001,野田,NODA,35.9571,139.8731,17,-,千葉県,K-NET11A,
K-NET,CHB002,松戸,MATSUDO,35.7871,139.9024,12,-,千葉県,K-NET11A,
K-NET,CHB003,白井,SHIROI,35.7926,140.0577,21,-,千葉県,K-NET11A,
K-NET,CHB004,佐原,SAWARA,35.8889,140.4903,36,-,千葉県,K-NET11A,
K-NET,CHB005,銚子,CHOSHI,35.7353,140.8271,3,-,千葉県,K-NET11A,
K-NET,CHB006,成田,NARITA,35.7790,140.3073,29,-,千葉県,K-NET11A,
K-NET,CHB007,佐倉,SAKURA,35.7237,140.2246,30,-,千葉県,K-NET11A,
K-NET,CHB008,浦安,URAYASU,35.6556,139.9027,0,-,千葉県,K-NET11A,
K-NET,CHB009,千葉,CHIBA,35.5871,140.2378,41,-,千葉県,K-NET11A,
K-NET,CHB010,八日市場,YOKAICHIBA,35.7086,140.5637,9,-,千葉県,K-NET11A,
K-NET,CHB011,蓮沼,HASUNUMA,35.5877,140.4971,2,-,千葉県,K-NET11A,
K-NET,CHB012,東金,TOGANE,35.5721,140.3436,60,-,千葉県,K-NET11A,
K-NET,CHB013,茂原,MOBARA,35.4294,140.2892,10,-,千葉県,K-NET11A,
K-NET,CHB014,姉崎,ANEZAKI,35.4710,140.0454,8,-,千葉県,K-NET11A,
K-NET,CHB015,木更津,KISARAZU,35.3738,139.9199,2,-,千葉県,K-NET11A,
K-NET,CHB016,岬,MISAKI,35.2998,140.3866,7,-,千葉県,K-NET11A,
K-NET,CHB017,市場,ICHIBA,35.2976,140.0734,38,-,千葉県,K-NET11A,
K-NET,CHB018,勝浦,KATSUURA,35.1520,140.3204,38,-,千葉県,K-NET11A,
K-NET,CHB019,鋸南,KYONAN,35.1106,139.8360,5,-,千葉県,K-NET11A,
K-NET,CHB020,鴨川,KAMOGAWA,35.1132,140.1006,9,-,千葉県,K-NET11A,
K-NET,CHB021,白浜,SHIRAHAMA,34.9078,139.8994,9,-,千葉県,K-NET11A,
K-NET,CHB022,富津,FUTTSU,35.3033,139.8555,12,-,千葉県,K-NET11A,
K-NET,CHB023,館山,TATEYAMA,34.9741,139.8449,30,-,千葉県,---,休止
K-NET,CHB024,稲毛,INAGE,35.6337,140.0781,3,-,千葉県,K-NET11A,
K-NET,CHB025,千倉,CHIKURA,34.9705,139.9458,74,-,千葉県,K-NET11A,
K-NET,CHB026,長南,CHONAN,35.3858,140.2404,46,-,千葉県,K-NET11A,
K-NET,CHB027,勝浦北,KATSUURA-N,35.1806,140.2655,98,-,千葉県,K-NET11A,
K-NET,CHB028,市川北,ICHIKAWA-N,35.7664,139.9655,26,-,千葉県,K-NET11A,
K-NET,CHB029,行徳,GYOTOKU,35.6948,139.9176,3,-,千葉県,K-NET11A,
K-NET,CHB030,木更津市役所,KISARADU-SHIYAKUSYO,35.3766,139.9151,NA,-,千葉県,---,休止
KiK-net,CHBH04,下総,SHIMOSA,35.7966,140.0206,23,2300,千葉県,KiK-net18,
KiK-net,CHBH06,匝瑳,SOSA,35.7215,140.5046,35,180,千葉県,KiK-net11,
KiK-net,CHBH10,千葉,CHIBA,35.5458,140.2417,65,2000,千葉県,KiK-net18,
KiK-net,CHBH11,養老,YORO,35.2867,140.1529,80,2000,千葉県,KiK-net18,
KiK-net,CHBH12,富津,FUTTSU,35.3445,139.8554,3,2000,千葉県,KiK-net11C,
KiK-net,CHBH13,成田,NARITA,35.8307,140.2980,12,1300,千葉県,KiK-net18,
KiK-net,CHBH14,銚子中,CHOSHI-C,35.7342,140.8230,2,525,千葉県,KiK-net11A,
KiK-net,CHBH15,館山西,TATEYAMA-W,34.9591,139.7885,30,500,千葉県,KiK-net11A,
KiK-net,CHBH16,鴨川,KAMOGAWA,35.1384,139.9649,160,2003,千葉県,KiK-net11A,
KiK-net,CHBH17,勝浦東,KATSURA-E,35.1714,140.3398,10,822,千葉県,KiK-net11A,
KiK-net,CHBH19,蓮沼,HASUNUMA,35.5943,140.5107,1,1630,千葉県,KiK-net18,
KiK-net,CHBH20,鴨川南,KAMOGAWA-S,35.0882,140.0997,28,306,千葉県,KiK-net11B,
K-NET,EHM001,伊予三島,IYOMISHIMA,33.9788,133.5494,25,-,愛媛県,K-NET11A,
K-NET,EHM002,新居浜,NIIHAMA,33.9211,133.3079,63,-,愛媛県,K-NET11A,
K-NET,EHM003,東予,TOYO,33.9253,133.0844,4,-,愛媛県,K-NET11A,
K-NET,EHM004,今治,IMABARI,34.0627,132.9986,4,-,愛媛県,K-NET11A,
K-NET,EHM005,川内,KAWAUCHI,33.7973,132.9144,136,-,愛媛県,K-NET11A,
K-NET,EHM006,美川,MIKAWA,33.6412,133.0080,466,-,愛媛県,K-NET11A,
K-NET,EHM007,北条,HOJO,33.9616,132.7719,3,-,愛媛県,K-NET11A,
K-NET,EHM008,松山,MATSUYAMA,33.8199,132.7282,7,-,愛媛県,K-NET11A,
K-NET,EHM009,広田,HIROTA,33.6333,132.7965,252,-,愛媛県,K-NET11A,
K-NET,EHM010,肱川,HIJIKAWA,33.4511,132.6881,191,-,愛媛県,K-NET11A,
K-NET,EHM011,八幡浜,YAWATAHAMA,33.4498,132.4341,8,-,愛媛県,K-NET11A,
K-NET,EHM012,宇和島,UWAJIMA,33.2217,132.5724,34,-,愛媛県,K-NET11A,
K-NET,EHM013,三崎,MISAKI,33.3917,132.1140,15,-,愛媛県,K-NET11A,
K-NET,EHM014,西海,NISHIUMI,32.9451,132.5042,3,-,愛媛県,K-NET11A,
K-NET,EHM015,長浜,NAGAHAMA,33.6094,132.4768,3,-,愛媛県,K-NET11A,
K-NET,EHM016,伊予,IYO,33.7654,132.7089,3,-,愛媛県,K-NET11A,
KiK-net,EHMH01,津島,TSUSHIMA,33.0556,132.5552,375,100,愛媛県,KiK-net11A,
KiK-net,EHMH02,西条,SAIJO,33.8650,133.1840,75,110,愛媛県,KiK-net11A,
KiK-net,EHMH03,新宮,SHINGU,33.9154,133.6497,305,101,愛媛県,KiK-net11A,
KiK-net,EHMH04,丹原,TAMBARA,33.9023,133.0658,15,200,愛媛県,KiK-net11A,
KiK-net,EHMH05,砥部,TOBE,33.7112,132.8032,140,134,愛媛県,KiK-net11A,
KiK-net,EHMH06,日吉,HIYOSHI,33.3348,132.7980,230,200,愛媛県,KiK-net11A,
KiK-net,EHMH07,河辺,KAWABE,33.5022,132.7480,290,200,愛媛県,KiK-net11A,
KiK-net,EHMH08,柳谷,YANADANI,33.5388,133.0016,455,100,愛媛県,KiK-net11C,
KiK-net,EHMH09,伊方,IKATA,33.4719,132.3072,5,150,愛媛県,KiK-net11C,
KiK-net,EHMH10,宮窪,MIYAKUBO,34.1918,133.0581,5,100,愛媛県,KiK-net11C,
KiK-net,EHMH11,大洲,OHZU,33.5807,132.6011,210,100,愛媛県,KiK-net11B,
KiK-net,EHMH12,宇和,UWA,33.4270,132.5055,250,150,愛媛県,KiK-net11B,
KiK-net,EHMH13,三崎,MISAKI,33.3719,132.1157,10,222,愛媛県,KiK-net18,
K-NET,FKI001,三国,MIKUNI,36.2193,136.1565,3,-,福井県,K-NET11A,
K-NET,FKI002,越廼,KOSHINO,36.0391,136.0135,17,-,福井県,K-NET11A,
K-NET,FKI003,福井,FUKUI,36.0740,136.2687,12,-,福井県,K-NET11A,
K-NET,FKI004,大野,OHNO,35.9793,136.4867,176,-,福井県,K-NET11A,
K-NET,FKI005,武生,TAKEFU,35.9068,136.1748,31,-,福井県,K-NET11A,
K-NET,FKI006,今庄,IMAJO,35.7731,136.2001,127,-,福井県,K-NET11A,
K-NET,FKI007,敦賀,TSURUGA,35.6448,136.0575,4,-,福井県,K-NET11A,
K-NET,FKI008,三方,MIKATA,35.5483,135.9091,13,-,福井県,K-NET11A,
K-NET,FKI009,小浜,OBAMA,35.4956,135.7509,2,-,福井県,K-NET11A,
K-NET,FKI010,高浜,TAKAHAMA,35.4904,135.5518,2,-,福井県,K-NET11A,
K-NET,FKI011,和泉,IZUMI,35.9097,136.6682,436,-,福井県,K-NET11A,
KiK-net,FKIH01,永平寺,EIHEIJI,36.0955,136.3617,65,100,福井県,KiK-net18,
KiK-net,FKIH02,織田,OTA,35.9483,136.0556,120,100,福井県,KiK-net11C,
KiK-net,FKIH03,和泉,IZUMI,35.9415,136.6990,510,200,福井県,KiK-net18,
KiK-net,FKIH04,三方,MIKATA,35.5587,135.8694,3,200,福井県,KiK-net18,
KiK-net,FKIH05,敦賀,TSURUGA,35.6390,136.0303,10,122,福井県,KiK-net18,
KiK-net,FKIH06,高浜,TAKAHAMA,35.4907,135.4841,160,100,福井県,KiK-net18,
KiK-net,FKIH07,小浜,OBAMA,35.4573,135.7266,43,105,福井県,KiK-net18,
K-NET,FKO001,玄海,GENKAI,33.8425,130.5087,6,-,福岡県,K-NET18,
K-NET,FKO002,中間,NAKAMA,33.8253,130.7058,3,-,福岡県,K-NET18,
K-NET,FKO003,北九州,KITAKYUSHU,33.8324,130.9013,14,-,福岡県,K-NET18,
K-NET,FKO004,行橋,YUKUHASHI,33.7366,131.0121,3,-,福岡県,K-NET18,
K-NET,FKO005,飯塚,IIZUKA,33.6520,130.6965,28,-,福岡県,K-NET18,
K-NET,FKO006,福岡,FUKUOKA,33.6642,130.4532,36,-,福岡県,K-NET18,
K-NET,FKO007,前原,MAEBARU,33.5614,130.2024,6,-,福岡県,K-NET18,
K-NET,FKO008,添田,SOEDA,33.5712,130.8546,70,-,福岡県,K-NET18,
K-NET,FKO009,筑紫野,CHIKUSHINO,33.4954,130.5164,34,-,福岡県,K-NET18,
K-NET,FKO010,甘木,AMAGI,33.4236,130.6691,61,-,福岡県,K-NET18,
K-NET,FKO011,久留米,KURUME,33.3237,130.5118,10,-,福岡県,K-NET18,
K-NET,FKO012,浮羽,UKIHA,33.3320,130.7940,48,-,福岡県,K-NET18,
K-NET,FKO013,八女,YAME,33.2254,130.5608,32,-,福岡県,K-NET18,
K-NET,FKO014,矢部,YABE,33.1496,130.8183,325,-,福岡県,K-NET18,
K-NET,FKO015,柳川,YANAGAWA,33.1629,130.4052,3,-,福岡県,K-NET18,
K-NET,FKO016,大牟田,OHMUTA,33.0159,130.4472,22,-,福岡県,K-NET11B,
KiK-net,FKOH01,北九州,KITAKYUSHU,33.8849,130.9798,15,200,福岡県,KiK-net11C,
KiK-net,FKOH02,若宮,WAKAMIYA,33.6963,130.5963,74,100,福岡県,KiK-net18,
KiK-net,FKOH03,宇美,UMI,33.5608,130.5499,185,100,福岡県,KiK-net11A,
KiK-net,FKOH04,嘉穂,KAHO,33.5512,130.7451,60,100,福岡県,KiK-net18,
KiK-net,FKOH05,犀川,SAIGAWA,33.5293,130.9503,370,100,福岡県,KiK-net18,
KiK-net,FKOH06,豊前,BUZEN,33.5925,131.1348,35,303,福岡県,KiK-net11C,
KiK-net,FKOH07,大刀洗,TACHIARAI,33.3678,130.6354,15,437,福岡県,KiK-net18,
KiK-net,FKOH08,小石原,KOISHIWARA,33.4654,130.8285,480,100,福岡県,KiK-net18,
KiK-net,FKOH09,玄海,GENKAI,33.8501,130.5432,25,200,福岡県,KiK-net18,
KiK-net,FKOH10,浮羽,UKIHA,33.2891,130.8170,190,200,福岡県,KiK-net11B,
K-NET,FKS001,相馬,SOMA,37.7946,140.9192,7,-,福島県,K-NET11A,
K-NET,FKS002,梁川,YANAGAWA,37.8453,140.6008,43,-,福島県,K-NET11A,
K-NET,FKS003,福島,FUKUSHIMA,37.7624,140.4781,64,-,福島県,K-NET11A,
K-NET,FKS004,飯舘,IITATE,37.6798,140.7342,488,-,福島県,K-NET11C,
K-NET,FKS005,原町,HARAMACHI,37.6389,140.9853,17,-,福島県,K-NET11A,
K-NET,FKS006,葛尾,KATSURAO,37.5022,140.7593,471,-,福島県,K-NET11A,
K-NET,FKS007,大熊,OHKUMA,37.4061,140.9632,70,-,福島県,K-NET18,
K-NET,FKS008,船引,FUNEHIKI,37.4343,140.5670,442,-,福島県,K-NET11A,
K-NET,FKS009,小野,ONO,37.2796,140.6344,430,-,福島県,K-NET11A,
K-NET,FKS010,広野,HIRONO,37.2338,141.0018,43,-,福島県,K-NET11A,
K-NET,FKS011,いわき,IWAKI,37.0917,140.9031,162,-,福島県,K-NET11A,
K-NET,FKS012,勿来,NAKOSO,36.9066,140.7928,3,-,福島県,K-NET11A,
K-NET,FKS013,古殿,FURUDONO,37.0893,140.5546,303,-,福島県,K-NET11A,
K-NET,FKS014,矢祭,YAMATSURI,36.8864,140.4166,163,-,福島県,K-NET11A,
K-NET,FKS015,棚倉,TANAGURA,37.0237,140.3763,295,-,福島県,K-NET11A,
K-NET,FKS016,白河,SHIRAKAWA,37.1232,140.1910,375,-,福島県,K-NET11A,
K-NET,FKS017,須賀川,SUKAGAWA,37.2844,140.3689,259,-,福島県,K-NET11A,
K-NET,FKS018,郡山,KORIYAMA,37.3959,140.3619,245,-,福島県,K-NET11A,
K-NET,FKS019,二本松,NIHOMMATSU,37.6031,140.4381,224,-,福島県,K-NET11A,
K-NET,FKS020,猪苗代,INAWASHIRO,37.5560,140.1226,527,-,福島県,K-NET11A,
K-NET,FKS021,喜多方,KITAKATA,37.6537,139.8607,209,-,福島県,K-NET11A,
K-NET,FKS022,西会津,NISHIAIZU,37.6005,139.6472,159,-,福島県,K-NET11A,
K-NET,FKS023,会津若松,AIZUWAKAMATSU,37.4775,139.9309,219,-,福島県,K-NET11A,
K-NET,FKS024,中野,NAKANO,37.3963,140.1326,530,-,福島県,K-NET11A,
K-NET,FKS025,下郷,SHIMOGO,37.3082,139.8994,439,-,福島県,K-NET11A,
K-NET,FKS026,南郷,NANGO,37.2664,139.5368,494,-,福島県,K-NET11A,
K-NET,FKS027,滝原,TAKINOHARA,37.0701,139.6807,771,-,福島県,K-NET11A,
K-NET,FKS028,只見,TADAMI,37.3037,139.3619,416,-,福島県,K-NET11A,
K-NET,FKS029,桧枝岐,HINOEMATA,37.0159,139.3806,957,-,福島県,K-NET11A,
K-NET,FKS030,金山,KANEYAMA,37.4548,139.5252,306,-,福島県,K-NET11A,
K-NET,FKS031,川内,KAWAUCHI,37.3363,140.8087,415,-,福島県,K-NET11A,
KiK-net,FKSH01,西会津,NISHIAIZU,37.7565,139.7150,438,100,福島県,KiK-net18,
KiK-net,FKSH02,熱塩加納,ATSUSHIOKANO,37.7317,139.8821,330,100,福島県,KiK-net18,
KiK-net,FKSH03,高郷,TAKASATO,37.6078,139.7533,225,127,福島県,KiK-net11A,
KiK-net,FKSH04,会津高田,AIZUTAKADA,37.4508,139.8126,278,268,福島県,KiK-net18,
KiK-net,FKSH05,下郷,SHIMOGO,37.2544,139.8725,496,105,福島県,KiK-net11A,
KiK-net,FKSH06,伊南,INA,37.1723,139.5199,572,100,福島県,KiK-net18,
KiK-net,FKSH07,檜枝岐,HINOEMATA,37.0103,139.3755,974,200,福島県,KiK-net18,
KiK-net,FKSH08,長沼,NAGANUMA,37.2822,140.2144,343,105,福島県,KiK-net11A,
KiK-net,FKSH09,郡山,KORIYAMA,37.3530,140.4264,260,200,福島県,KiK-net11C,
KiK-net,FKSH10,西郷,NISHIGO,37.1616,140.0930,565,201,福島県,KiK-net18,
KiK-net,FKSH11,矢吹,YABUKI,37.2006,140.3386,286,115,福島県,KiK-net11C,
KiK-net,FKSH12,平田,HIRATA,37.2169,140.5703,470,105,福島県,KiK-net11,
KiK-net,FKSH13,いわき西,IWAKI-W,36.9951,140.5853,580,105,福島県,KiK-net11A,
KiK-net,FKSH14,いわき東,IWAKI-E,37.0264,140.9702,3,147,福島県,KiK-net11C,
KiK-net,FKSH15,猪苗代,INAWASHIRO,37.6461,140.1735,757,100,福島県,KiK-net18,
KiK-net,FKSH16,福島,FUKUSHIMA,37.7643,140.3766,135,300,福島県,KiK-net11A,
KiK-net,FKSH17,川俣,KAWAMATA,37.6636,140.5974,205,100,福島県,KiK-net18,
KiK-net,FKSH18,三春,MIHARU,37.4894,140.5380,410,100,福島県,KiK-net11,
KiK-net,FKSH19,都路,MIYAKOJI,37.4703,140.7227,510,100,福島県,KiK-net11C,
KiK-net,FKSH20,浪江,NAMIE,37.4911,140.9871,12,109,福島県,KiK-net18,
KiK-net,FKSH21,只見,TADAMI,37.3421,139.3147,375,200,福島県,KiK-net18,
K-NET,GIF001,白川,SHIRAKAWA,36.2743,136.8979,481,-,岐阜県,K-NET11A,
K-NET,GIF002,河合,KAWAI,36.2734,137.0261,577,-,岐阜県,K-NET11A,
K-NET,GIF003,神岡,KAMIOKA,36.3326,137.3019,402,-,岐阜県,K-NET11A,
K-NET,GIF004,栃尾,TOCHIO,36.2493,137.5175,811,-,岐阜県,K-NET11A,
K-NET,GIF005,高山,TAKAYAMA,36.1537,137.2513,563,-,岐阜県,K-NET11A,
K-NET,GIF006,荘川,SHOKAWA,36.0334,136.9533,799,-,岐阜県,K-NET11A,
K-NET,GIF007,高根,TAKANE,36.0378,137.4854,994,-,岐阜県,K-NET11A,
K-NET,GIF008,小坂,OSAKA,35.9517,137.2604,525,-,岐阜県,K-NET11A,
K-NET,GIF009,白鳥,SHIROTORI,35.9250,136.8318,436,-,岐阜県,K-NET11A,
K-NET,GIF010,下呂,GERO,35.8005,137.2484,360,-,岐阜県,K-NET11A,
K-NET,GIF011,八幡,HACHIMAN,35.7596,136.9809,251,-,岐阜県,K-NET11A,
K-NET,GIF012,東杉原,HIGASHISUGIHARA,35.6364,136.4879,217,-,岐阜県,K-NET11A,
K-NET,GIF013,金山,KANAYAMA,35.6630,137.1618,231,-,岐阜県,K-NET11A,
K-NET,GIF014,付知,TSUKECHI,35.6582,137.4253,468,-,岐阜県,K-NET11A,
K-NET,GIF015,美濃,MINO,35.5456,136.9076,80,-,岐阜県,K-NET11A,
K-NET,GIF016,七宗,HICHISO,35.5427,137.1195,137,-,岐阜県,K-NET11A,
K-NET,GIF017,揖斐川,IBIGAWA,35.4830,136.5713,40,-,岐阜県,K-NET11A,
K-NET,GIF018,中津川,NAKATSUGAWA,35.4955,137.4998,300,-,岐阜県,K-NET11A,
K-NET,GIF019,恵那,ENA,35.4492,137.4042,275,-,岐阜県,K-NET11A,
K-NET,GIF020,岐阜,GIFU,35.4248,136.7568,14,-,岐阜県,K-NET11A,
K-NET,GIF021,美濃加茂,MINOKAMO,35.4426,136.9996,72,-,岐阜県,K-NET11A,
K-NET,GIF022,上石津,KAMIISHIZU,35.2836,136.4730,116,-,岐阜県,K-NET11A,
K-NET,GIF023,土岐,TOKI,35.3879,137.2166,288,-,岐阜県,K-NET11A,
K-NET,GIF024,明智,AKECHI,35.3015,137.3869,435,-,岐阜県,K-NET11A,
K-NET,GIF025,板取,ITADORI,35.7234,136.7847,351,-,岐阜県,---,休止
K-NET,GIF026,美山,MIYAMA,35.5909,136.7418,112,-,岐阜県,K-NET11A,
KiK-net,GIFH03,根尾,NEO,35.6325,136.6134,170,100,岐阜県,KiK-net11A,
KiK-net,GIFH04,古川,FURUKAWA,36.2448,137.1983,572,100,岐阜県,KiK-net11A,
KiK-net,GIFH05,荘川,SHOKAWA,36.0654,136.9479,839,100,岐阜県,KiK-net11A,
KiK-net,GIFH06,高富,TAKATOMI,35.5038,136.7939,39,202,岐阜県,KiK-net11A,
KiK-net,GIFH07,春日,KASUGA,35.4179,136.4347,410,100,岐阜県,KiK-net11C,
KiK-net,GIFH08,大和,YAMATO,35.8323,136.9621,515,100,岐阜県,KiK-net11A,
KiK-net,GIFH09,羽島,HASHIMA,35.2768,136.7002,5,1508,岐阜県,KiK-net18,
KiK-net,GIFH10,神岡,KAMIOKA,36.3779,137.3716,910,100,岐阜県,KiK-net18,
KiK-net,GIFH11,八百津,YAOTSU,35.4865,137.2464,563,100,岐阜県,KiK-net18,
KiK-net,GIFH12,坂内,SAKAUCHI,35.6033,136.4134,260,106,岐阜県,KiK-net18,
KiK-net,GIFH13,白川,SHIRAKAWA,36.2743,136.8979,480,153,岐阜県,KiK-net18,
KiK-net,GIFH14,上宝,KAMITAKARA,36.2493,137.5174,810,100,岐阜県,KiK-net18,
KiK-net,GIFH15,高山,TAKAYAMA,36.1338,137.2208,625,105,岐阜県,KiK-net18,
KiK-net,GIFH16,朝日北,ASAHI-N,36.0940,137.3438,790,100,岐阜県,KiK-net18,
KiK-net,GIFH17,高鷲,TAKASU,35.9514,136.8732,610,100,岐阜県,KiK-net18,
KiK-net,GIFH18,馬瀬,MAZE,35.8991,137.1495,570,107,岐阜県,KiK-net11A,
KiK-net,GIFH19,朝日南,ASAHI-S,36.0216,137.3906,910,100,岐阜県,KiK-net18,
KiK-net,GIFH20,下呂北,GERO-N,35.7991,137.2531,355,128,岐阜県,KiK-net18,
KiK-net,GIFH21,美並,MINAMI,35.6665,136.9618,170,200,岐阜県,KiK-net18,
KiK-net,GIFH22,金山,KANAYAMA,35.6682,137.1054,435,100,岐阜県,KiK-net18,
KiK-net,GIFH23,板取,ITADORI,35.7235,136.7847,350,100,岐阜県,KiK-net18,
KiK-net,GIFH24,東白川,HIGASHISHIRAKAWA,35.6401,137.3187,330,107,岐阜県,KiK-net18,
KiK-net,GIFH25,谷汲,TANIGUMI,35.5214,136.6127,75,103,岐阜県,KiK-net18,
KiK-net,GIFH26,各務原,KAKAMIGAHARA,35.4121,136.8764,35,101,岐阜県,KiK-net11C,
KiK-net,GIFH27,美濃加茂,MINOKAMO,35.4527,137.0040,85,200,岐阜県,KiK-net18,
KiK-net,GIFH28,中津川,NAKATSUGAWA,35.4571,137.4706,440,401,岐阜県,KiK-net18,
KiK-net,GIFH29,上石津,KAMIISHIZU,35.2953,136.4732,90,137,岐阜県,KiK-net18,
K-NET,GNM001,片品,KATASHINA,36.7719,139.2246,804,-,群馬県,K-NET11A,
K-NET,GNM002,水上,MINAKAMI,36.7821,138.9695,494,-,群馬県,K-NET11A,
K-NET,GNM003,沼田,NUMATA,36.6581,139.0786,463,-,群馬県,K-NET11A,
K-NET,GNM004,草津,KUSATSU,36.6171,138.5921,1222,-,群馬県,K-NET11A,
K-NET,GNM005,嬬恋,TSUMAGOI,36.5134,138.5176,899,-,群馬県,K-NET11A,
K-NET,GNM006,吾妻,AGATSUMA,36.5105,138.7527,549,-,群馬県,K-NET11A,
K-NET,GNM007,渋川,SHIBUKAWA,36.4637,139.0093,184,-,群馬県,K-NET11A,
K-NET,GNM008,前橋,MAEBASHI,36.3479,139.1368,77,-,群馬県,K-NET11A,
K-NET,GNM009,桐生,KIRYU,36.4105,139.3253,114,-,群馬県,K-NET11A,
K-NET,GNM010,館林,TATEBAYASHI,36.2184,139.4808,19,-,群馬県,K-NET11A,
K-NET,GNM011,太田,OHTA,36.2913,139.3607,42,-,群馬県,K-NET11A,
K-NET,GNM012,伊勢崎,ISESAKI,36.3118,139.1955,59,-,群馬県,K-NET11A,
K-NET,GNM013,高崎,TAKASAKI,36.3181,139.0174,93,-,群馬県,K-NET11A,
K-NET,GNM014,坂本,SAKAMOTO,36.3467,138.7211,451,-,群馬県,K-NET11A,
K-NET,GNM015,下仁田,SHIMONITA,36.2286,138.7578,293,-,群馬県,K-NET11A,
K-NET,GNM016,万場,MAMBA,36.1164,138.9250,344,-,群馬県,K-NET11A,
KiK-net,GNMH05,伊勢崎,ISESAKI,36.3143,139.1847,57,2000,群馬県,KiK-net11A,
KiK-net,GNMH06,館林,TATEBAYASHI,36.2441,139.5443,20,1203,群馬県,KiK-net18,
KiK-net,GNMH07,利根,TONE,36.6998,139.2104,646,200,群馬県,KiK-net11B,
KiK-net,GNMH08,嬬恋,TSUMAGOI,36.4917,138.5244,1040,150,群馬県,KiK-net18,
KiK-net,GNMH09,高山,TAKAYAMA,36.6212,138.9068,455,110,群馬県,KiK-net11A,
KiK-net,GNMH10,下仁田,SHIMONITA,36.2356,138.7291,340,100,群馬県,KiK-net11C,
KiK-net,GNMH11,富岡,TOMIOKA,36.2862,138.9210,151,200,群馬県,KiK-net11B,
KiK-net,GNMH12,神流,KANNA,36.1440,138.9129,930,102,群馬県,KiK-net18,
KiK-net,GNMH13,水上2,MINAKAMI2,36.8620,139.0627,760,204,群馬県,KiK-net11A,
KiK-net,GNMH14,みどり,MIDORI,36.4931,139.3219,360,200,群馬県,KiK-net11A,
KiK-net,HDKH01,平取西,BIRATORI-W,42.7031,142.2296,82,100,北海道,KiK-net11B,
KiK-net,HDKH02,平取東,BIRATORI-E,42.7061,142.4054,230,110,北海道,KiK-net18,
KiK-net,HDKH03,門別東,MOMBETSU-E,42.5934,142.3521,160,106,北海道,KiK-net18,
KiK-net,HDKH04,門別西,MOMBETSU-W,42.5126,142.0381,10,220,北海道,KiK-net18,
KiK-net,HDKH05,新冠,NIIKAPPU,42.5977,142.5446,305,100,北海道,KiK-net18,
KiK-net,HDKH06,静内,SHIZUNAI,42.3498,142.3572,10,115,北海道,KiK-net11B,
KiK-net,HDKH07,様似,SAMANI,42.1330,142.9164,40,101,北海道,KiK-net18,
K-NET,HKD001,稚内,WAKKANAI,45.4163,141.6720,4,-,北海道,K-NET18,
K-NET,HKD002,宗谷岬,SOYAMISAKI,45.5132,141.9548,3,-,北海道,K-NET18,
K-NET,HKD003,豊富,TOYOTOMI,45.1033,141.7665,10,-,北海道,K-NET18,
K-NET,HKD004,上猿払,KAMISARUFUTSU,45.2149,142.2260,4,-,北海道,K-NET18,
K-NET,HKD005,猿払,SARUFUTSU,45.3329,142.1747,11,-,北海道,K-NET18,
K-NET,HKD006,浜頓別,HAMATOMBETSU,45.1267,142.3516,14,-,北海道,K-NET18,
K-NET,HKD007,中頓別,NAKATOMBETSU,44.9702,142.2900,25,-,北海道,K-NET18,
K-NET,HKD008,枝幸,ESASHI,44.9375,142.5744,13.3,-,北海道,K-NET18,
K-NET,HKD009,歌登,UTANOBORI,44.8417,142.4811,23,-,北海道,K-NET18,
K-NET,HKD010,風烈布,FUREPPU,44.7406,142.7633,16,-,北海道,K-NET18,
K-NET,HKD011,東利尻,HIGASHIRISHIRI,45.2460,141.2170,23,-,北海道,K-NET18,
K-NET,HKD012,船泊,FUNADOMARI,45.4408,141.0367,11.5,-,北海道,K-NET18,
K-NET,HKD013,礼文,REBUN,45.3049,141.0475,42.4,-,北海道,K-NET18,
K-NET,HKD014,沼川,NUMAKAWA,45.2525,141.8531,30,-,北海道,K-NET18,
K-NET,HKD015,天塩,TESHIO,44.8846,141.7503,5,-,北海道,K-NET18,
K-NET,HKD016,遠別,EMBETSU,44.7199,141.7950,5,-,北海道,K-NET18,
K-NET,HKD017,初山別,SHOSAMBETSU,44.5323,141.7664,5.3,-,北海道,K-NET18,
K-NET,HKD018,正修,SEISHU,44.5453,141.9653,126,-,北海道,K-NET18,
K-NET,HKD019,羽幌,HABORO,44.3611,141.6978,15,-,北海道,K-NET18,
K-NET,HKD020,港町,MINATOMACHI,44.1487,141.6647,48,-,北海道,K-NET18,
K-NET,HKD021,留萌,RUMOI,43.9407,141.6370,24.8,-,北海道,K-NET18,
K-NET,HKD022,増毛,MASHIKE,43.8516,141.5279,42,-,北海道,K-NET18,
K-NET,HKD023,雄冬,OFUYU,43.7734,141.3686,10,-,北海道,K-NET18,
K-NET,HKD024,達布,TAPPU,44.0494,141.8573,38,-,北海道,K-NET18,
K-NET,HKD025,中川,NAKAGAWA,44.8116,142.0712,20,-,北海道,K-NET18,
K-NET,HKD026,音威子府,OTOINEPPU,44.7283,142.2633,43,-,北海道,K-NET18,
K-NET,HKD027,美深,BIFUKA,44.4806,142.3428,75,-,北海道,K-NET18,
K-NET,HKD028,名寄,NAYORO,44.3598,142.4547,96,-,北海道,K-NET18,
K-NET,HKD029,下川,SHIMOKAWA,44.3114,142.6421,158,-,北海道,K-NET18,
K-NET,HKD030,士別,SHIBETSU,44.1821,142.3942,130.5,-,北海道,K-NET18,
K-NET,HKD031,朝日,ASAHI,44.1185,142.5952,214.1,-,北海道,K-NET18,
K-NET,HKD032,和寒,WASSAMU,44.0235,142.4123,136,-,北海道,K-NET18,
K-NET,HKD033,愛別,AIBETSU,43.9090,142.5699,203,-,北海道,K-NET18,
K-NET,HKD034,上川,KAMIKAWA,43.8543,142.7686,350,-,北海道,K-NET18,
K-NET,HKD035,層雲峡,SOUNKYO,43.7704,142.9033,491,-,北海道,K-NET18,
K-NET,HKD036,旭川,ASAHIKAWA,43.7726,142.3648,108,-,北海道,K-NET18,
K-NET,HKD037,美瑛,BIEI,43.5889,142.4673,240,-,北海道,K-NET18,
K-NET,HKD038,南富良野,MINAMIFURANO,43.1666,142.5662,353,-,北海道,K-NET18,
K-NET,HKD039,富良野,FURANO,43.3421,142.3845,170,-,北海道,K-NET18,
K-NET,HKD040,占冠,SHIMUKAPPU,42.9806,142.3994,334,-,北海道,K-NET18,
K-NET,HKD041,天人峡,TENNINKYO,43.6246,142.6839,440,-,北海道,K-NET18,
K-NET,HKD042,仁宇布,NIUPU,44.5449,142.5692,271,-,北海道,K-NET18,
K-NET,HKD043,雄武,OMU,44.5820,142.9644,11,-,北海道,K-NET18,
K-NET,HKD044,興部,OKOPPE,44.4796,143.1276,3,-,北海道,K-NET18,
K-NET,HKD045,西興部,NISHIOKOPPE,44.3288,142.9453,121,-,北海道,K-NET18,
K-NET,HKD046,滝上,TAKINOUE,44.1920,143.0767,132,-,北海道,K-NET18,
K-NET,HKD047,紋別,MOMBETSU,44.3677,143.3454,10,-,北海道,K-NET18,
K-NET,HKD048,湧別,YUBETSU,44.2199,143.6155,4.2,-,北海道,K-NET18,
K-NET,HKD049,遠軽,ENGARU,44.0921,143.5336,58.9,-,北海道,K-NET18,
K-NET,HKD050,白滝,SHIRATAKI,43.8785,143.1747,386,-,北海道,K-NET18,
K-NET,HKD051,佐呂間,SAROMA,44.0221,143.7682,47,-,北海道,K-NET18,
K-NET,HKD052,常呂,TOKORO,44.1204,144.0712,6.8,-,北海道,K-NET18,
K-NET,HKD053,留辺蘂,RUBESHIBE,43.7849,143.6072,208,-,北海道,K-NET18,
K-NET,HKD054,北見,KITAMI,43.7996,143.9008,62.8,-,北海道,K-NET18,
K-NET,HKD055,美幌,BIHORO,43.8244,144.1087,23,-,北海道,K-NET18,
K-NET,HKD056,置戸,OKETO,43.6705,143.5781,229,-,北海道,K-NET18,
K-NET,HKD057,津別,TSUBETSU,43.7054,144.0273,99,-,北海道,K-NET18,
K-NET,HKD058,網走,ABASHIRI,44.0242,144.2637,4,-,北海道,K-NET18,
K-NET,HKD059,小清水,KOSHIMIZU,43.8574,144.4609,23,-,北海道,K-NET18,
K-NET,HKD060,斜里,SHARI,43.9136,144.6657,6,-,北海道,K-NET18,
K-NET,HKD061,ウトロ,UTORO,44.0699,144.9973,64.2,-,北海道,K-NET18,
K-NET,HKD062,富士見,FUJIMI,43.6746,143.3088,500,-,北海道,K-NET18,
K-NET,HKD063,相泊,AIDOMARI,44.1060,145.2478,4.5,-,北海道,K-NET18,
K-NET,HKD064,羅臼,RAUSU,44.0202,145.1886,16.6,-,北海道,K-NET18,
K-NET,HKD065,薫別,KUMBETSU,43.7938,145.0565,10,-,北海道,K-NET18,
K-NET,HKD066,標津,SHIBETSU,43.6619,145.1307,2.5,-,北海道,K-NET18,
K-NET,HKD067,中標津,NAKASHIBETSU,43.5550,144.9726,30,-,北海道,K-NET18,
K-NET,HKD068,上西春別,KAMINISHISHUMBETSU,43.4108,144.7704,105,-,北海道,K-NET18,
K-NET,HKD069,別海,BETSUKAI,43.3941,145.1168,24.9,-,北海道,K-NET18,
K-NET,HKD070,本別海,HOMBETSUKAI,43.3852,145.2840,6,-,北海道,K-NET18,
K-NET,HKD071,厚床,ATTOKO,43.2326,145.2604,38,-,北海道,K-NET18,
K-NET,HKD072,落石,OCHIISHI,43.1948,145.5209,46,-,北海道,K-NET18,
K-NET,HKD073,根室,NEMURO,43.3327,145.6003,36,-,北海道,K-NET18,
K-NET,HKD074,納沙布,NOSAPPU,43.3680,145.8026,16.2,-,北海道,K-NET18,
K-NET,HKD075,浜中,HAMANAKA,43.1309,145.0288,43,-,北海道,K-NET18,
K-NET,HKD076,厚岸,AKKESHI,43.0509,144.8498,1.8,-,北海道,K-NET18,
K-NET,HKD077,釧路,KUSHIRO,42.9845,144.3824,3,-,北海道,K-NET18,
K-NET,HKD078,塘路,TORO,43.1488,144.4976,25,-,北海道,K-NET18,
K-NET,HKD079,標茶,SHIBECHA,43.3034,144.5998,32,-,北海道,K-NET18,
K-NET,HKD080,弟子屈,TESHIKAGA,43.5077,144.4485,140,-,北海道,K-NET18,
K-NET,HKD081,川湯,KAWAYU,43.6427,144.3901,130,-,北海道,K-NET18,
K-NET,HKD082,阿寒湖畔,AKANKOHAN,43.4369,144.0855,429,-,北海道,K-NET18,
K-NET,HKD083,鶴居,TSURUI,43.2329,144.3251,35,-,北海道,K-NET18,
K-NET,HKD084,阿寒,AKAN,43.1141,144.1230,30,-,北海道,K-NET18,
K-NET,HKD085,白糠,SHIRANUKA,42.9581,144.0698,5,-,北海道,K-NET18,
K-NET,HKD086,直別,CHOKUBETSU,42.8542,143.8579,9.3,-,北海道,K-NET18,
K-NET,HKD087,二股,FUTAMATA,43.1502,143.8916,170,-,北海道,K-NET18,
K-NET,HKD088,陸別,RIKUBETSU,43.4704,143.7488,215,-,北海道,K-NET18,
K-NET,HKD089,足寄,ASHORO,43.2436,143.5544,89.5,-,北海道,K-NET18,
K-NET,HKD090,本別,HOMBETSU,43.1213,143.6183,65,-,北海道,K-NET18,
K-NET,HKD091,浦幌,URAHORO,42.8088,143.6590,16,-,北海道,K-NET18,
K-NET,HKD092,池田,IKEDA,42.9283,143.4485,17,-,北海道,K-NET18,
K-NET,HKD093,糠平,NUKABIRA,43.3191,143.3049,364,-,北海道,K-NET18,
K-NET,HKD094,士幌,SHIHORO,43.1692,143.2410,204,-,北海道,K-NET18,
K-NET,HKD095,帯広,OBIHIRO,42.9311,143.2137,34.8,-,北海道,K-NET18,
K-NET,HKD096,中札内,NAKASATSUNAI,42.6977,143.1357,192,-,北海道,K-NET18,
K-NET,HKD097,生花,SEIKA,42.6181,143.4210,33,-,北海道,K-NET18,
K-NET,HKD098,大樹,TAIKI,42.4985,143.2790,81,-,北海道,K-NET18,
K-NET,HKD099,新得,SHINTOKU,43.0736,142.8392,177,-,北海道,K-NET18,
K-NET,HKD100,広尾,HIROO,42.2864,143.3120,36.1,-,北海道,K-NET18,
K-NET,HKD101,トムラウシ,TOMURAUSHI,43.3338,142.9473,370,-,北海道,K-NET18,
K-NET,HKD102,日高,HIDAKA,42.8778,142.4481,283,-,北海道,K-NET18,
K-NET,HKD103,幌毛志,HOROKESHI,42.7275,142.2973,86,-,北海道,K-NET18,
K-NET,HKD104,平取,BIRATORI,42.5886,142.1310,70.4,-,北海道,K-NET18,
K-NET,HKD105,門別,MOMBETSU,42.4826,142.0538,7,-,北海道,K-NET18,
K-NET,HKD106,静内,SHIZUNAI,42.3414,142.3688,4.5,-,北海道,K-NET18,
K-NET,HKD107,農屋,NOYA,42.4194,142.4992,45,-,北海道,K-NET18,
K-NET,HKD108,三石,MITSUISHI,42.2528,142.5643,42,-,北海道,K-NET18,
K-NET,HKD109,浦河,URAKAWA,42.1678,142.7673,3.9,-,北海道,K-NET18,
K-NET,HKD110,様似,SAMANI,42.1310,142.9354,4,-,北海道,K-NET18,
K-NET,HKD111,えりも,ERIMO,42.0170,143.1487,22,-,北海道,K-NET18,
K-NET,HKD112,えりも岬,ERIMOMISAKI,41.9370,143.2403,15,-,北海道,K-NET18,
K-NET,HKD113,目黒,MEGURO,42.1287,143.3153,15,-,北海道,K-NET18,
K-NET,HKD114,朱鞠内,SHUMARINAI,44.2829,142.1619,255,-,北海道,K-NET18,
K-NET,HKD115,幌加内,HOROKANAI,44.0070,142.1485,157,-,北海道,K-NET18,
K-NET,HKD116,沼田,NUMATA,43.8005,141.9343,48,-,北海道,K-NET18,
K-NET,HKD117,深川,FUKAGAWA,43.7241,142.0527,51,-,北海道,K-NET18,
K-NET,HKD118,滝川,TAKIKAWA,43.5524,141.9175,29,-,北海道,K-NET18,
K-NET,HKD119,芦別,ASHIBETSU,43.5199,142.1914,90,-,北海道,K-NET18,
K-NET,HKD120,月形,TSUKIGATA,43.3442,141.6633,36,-,北海道,K-NET18,
K-NET,HKD121,美唄,BIBAI,43.3332,141.8553,28,-,北海道,K-NET18,
K-NET,HKD122,岩見沢,IWAMIZAWA,43.1974,141.7754,26,-,北海道,K-NET18,
K-NET,HKD123,夕張,YUBARI,42.9933,142.0085,194,-,北海道,K-NET18,
K-NET,HKD124,由仁,YUNI,42.9986,141.7903,38,-,北海道,K-NET18,
K-NET,HKD125,穂別,HOBETSU,42.7609,142.1344,69,-,北海道,K-NET18,
K-NET,HKD126,鵡川,MUKAWA,42.5748,141.9284,7,-,北海道,K-NET18,
K-NET,HKD127,追分,OIWAKE,42.8743,141.8204,61,-,北海道,K-NET18,
K-NET,HKD128,早来,HAYAKITA,42.7656,141.8219,31,-,北海道,K-NET18,
K-NET,HKD129,苫小牧,TOMAKOMAI,42.6347,141.6057,6,-,北海道,K-NET18,
K-NET,HKD130,白老,SHIRAOI,42.5626,141.3502,17,-,北海道,K-NET18,
K-NET,HKD131,登別,NOBORIBETSU,42.4206,141.0809,13,-,北海道,K-NET18,
K-NET,HKD132,室蘭,MURORAN,42.3484,141.0318,3,-,北海道,K-NET18,
K-NET,HKD133,伊達,DATE,42.4727,140.8657,11,-,北海道,K-NET18,
K-NET,HKD134,大滝,OHTAKI,42.6713,141.0790,392,-,北海道,K-NET18,
K-NET,HKD135,壮瞥,SOBETSU,42.5533,140.8864,63,-,北海道,K-NET18,
K-NET,HKD136,豊浦,TOYOURA,42.5901,140.6441,4,-,北海道,K-NET18,
K-NET,HKD137,余別,YOBETSU,43.3236,140.3791,15,-,北海道,K-NET18,
K-NET,HKD138,積丹,SHAKOTAN,43.2923,140.6013,16,-,北海道,K-NET18,
K-NET,HKD139,余市,YOICHI,43.1975,140.7819,32,-,北海道,K-NET18,
K-NET,HKD140,小樽,OTARU,43.1908,140.9933,51,-,北海道,K-NET18,
K-NET,HKD141,神恵内,KAMOENAI,43.1449,140.4355,9,-,北海道,K-NET18,
K-NET,HKD142,赤井川,AKAIGAWA,43.0841,140.8202,143,-,北海道,K-NET18,
K-NET,HKD143,岩内,IWANAI,42.9793,140.5093,5,-,北海道,K-NET18,
K-NET,HKD144,倶知安,KUCCHAN,42.9059,140.7670,180,-,北海道,K-NET18,
K-NET,HKD145,喜茂別,KIMOBETSU,42.7978,140.9361,259,-,北海道,K-NET18,
K-NET,HKD146,ニセコ,NISEKO,42.8076,140.6878,147,-,北海道,K-NET18,
K-NET,HKD147,蘭越,RANKOSHI,42.8056,140.5305,33,-,北海道,K-NET18,
K-NET,HKD148,黒松内,KUROMATSUNAI,42.6680,140.3050,25,-,北海道,K-NET18,
K-NET,HKD149,寿都,SUTTSU,42.7905,140.2305,24,-,北海道,K-NET18,
K-NET,HKD150,島牧,SHIMAMAKI,42.7010,140.0619,6,-,北海道,K-NET18,
K-NET,HKD151,長万部,OSHAMAMBE,42.4948,140.3539,10,-,北海道,K-NET18,
K-NET,HKD152,八雲,YAKUMO,42.2586,140.2638,5,-,北海道,K-NET18,
K-NET,HKD153,上の湯,KAMINOYU,42.1245,140.3755,69,-,北海道,K-NET18,
K-NET,HKD154,森,MORI,42.0965,140.5636,83,-,北海道,K-NET18,
K-NET,HKD155,鹿部,SHIKABE,42.0438,140.8064,4,-,北海道,K-NET18,
K-NET,HKD156,七飯,NANAE,41.8996,140.6960,84,-,北海道,K-NET18,
K-NET,HKD157,南茅部,MINAMIKAYABE,41.9053,140.9698,37,-,北海道,K-NET18,
K-NET,HKD158,椴法華,TODOHOKKE,41.8349,141.1408,7,-,北海道,K-NET18,
K-NET,HKD159,戸井,TOI,41.7160,141.0046,23,-,北海道,K-NET18,
K-NET,HKD160,函館,HAKODATE,41.7700,140.7383,4,-,北海道,K-NET18,
K-NET,HKD161,木古内,KIKONAI,41.6800,140.4329,4,-,北海道,K-NET18,
K-NET,HKD162,福島,FUKUSHIMA,41.4859,140.2469,17,-,北海道,K-NET18,
K-NET,HKD163,松前,MATSUMAE,41.4338,140.1117,13,-,北海道,K-NET18,
K-NET,HKD164,瀬棚,SETANA,42.4502,139.8533,11,-,北海道,K-NET18,
K-NET,HKD165,今金,IMAKANE,42.4287,140.0178,19,-,北海道,K-NET18,
K-NET,HKD166,大成,TAISEI,42.2286,139.8186,45,-,北海道,K-NET18,
K-NET,HKD167,熊石,KUMAISHI,42.1297,139.9813,21,-,北海道,K-NET18,
K-NET,HKD168,江差,ESASHI,41.8691,140.1266,2,-,北海道,K-NET18,
K-NET,HKD169,木間内,KIMANAI,41.9351,140.3678,111,-,北海道,K-NET18,
K-NET,HKD170,湯ノ岱,YUNOTAI,41.7495,140.2510,83,-,北海道,K-NET18,
K-NET,HKD171,小砂子,CHIISAGO,41.6490,139.9979,31,-,北海道,K-NET18,
K-NET,HKD172,稲穂,INAHO,42.2402,139.5519,6,-,北海道,K-NET18,
K-NET,HKD173,青苗,AONAE,42.0662,139.4515,11,-,北海道,K-NET18,
K-NET,HKD174,北島歌,KITASHIMAUTA,42.5950,139.8286,10,-,北海道,K-NET18,
K-NET,HKD175,浜益,HAMAMASU,43.6015,141.3882,28.5,-,北海道,K-NET18,
K-NET,HKD176,四番川,YOMBANGAWA,43.5324,141.5924,156,-,北海道,K-NET18,
K-NET,HKD177,厚田,ATSUTA,43.4001,141.4346,6.1,-,北海道,K-NET18,
K-NET,HKD178,石狩,ISHIKARI,43.1720,141.3043,6,-,北海道,K-NET18,
K-NET,HKD179,当別,TOBETSU,43.2236,141.5175,15,-,北海道,K-NET18,
K-NET,HKD180,札幌,SAPPORO,43.1391,141.3513,3,-,北海道,K-NET18,
K-NET,HKD181,江別,EBETSU,43.1161,141.5462,8,-,北海道,K-NET18,
K-NET,HKD182,広島,HIROSHIMA,42.9721,141.5161,56,-,北海道,K-NET18,
K-NET,HKD183,定山渓,JOZANKEI,42.9714,141.1779,268,-,北海道,K-NET18,
K-NET,HKD184,千歳,CHITOSE,42.7898,141.6008,69,-,北海道,K-NET18,
K-NET,HKD185,支笏湖畔,SHIKOTSUKOHAN,42.7756,141.4016,266,-,北海道,K-NET18,
K-NET,HRS001,高野,TAKANO,35.0339,132.9018,556,-,広島県,K-NET11A,
K-NET,HRS002,東城,TOJO,34.8951,133.2753,306,-,広島県,K-NET11A,
K-NET,HRS003,三次,MIYOSHI,34.8138,132.8427,156,-,広島県,K-NET11A,
K-NET,HRS004,芸北,GEIHOKU,34.7263,132.2773,583,-,広島県,K-NET11A,
K-NET,HRS005,油木,YUKI,34.7774,133.2803,485,-,広島県,K-NET11A,
K-NET,HRS006,豊平,TOYOHIRA,34.6666,132.4080,367,-,広島県,K-NET11A,
K-NET,HRS007,甲奴,KONU,34.7029,133.0886,387,-,広島県,K-NET11A,
K-NET,HRS008,向原,MUKAIHARA,34.6029,132.7201,207,-,広島県,K-NET11A,
K-NET,HRS009,湯来,YUKI,34.4927,132.2802,218,-,広島県,K-NET11A,
K-NET,HRS010,世羅,SERA,34.5834,133.0515,338,-,広島県,K-NET11A,
K-NET,HRS011,府中,FUCHU,34.5686,133.2364,28,-,広島県,K-NET11A,
K-NET,HRS012,東広島,HIGASHIHIROSHIMA,34.4274,132.7422,214,-,広島県,K-NET11A,
K-NET,HRS013,広島,HIROSHIMA,34.3768,132.4502,3,-,広島県,K-NET11A,
K-NET,HRS014,大野,OHNO,34.2864,132.2765,3,-,広島県,K-NET11A,
K-NET,HRS015,福山,FUKUYAMA,34.4852,133.3619,2,-,広島県,K-NET11A,
K-NET,HRS016,尾道,ONOMICHI,34.4201,133.1979,39,-,広島県,K-NET11A,
K-NET,HRS017,三原,MIHARA,34.4037,133.0838,16,-,広島県,K-NET11A,
K-NET,HRS018,竹原,TAKEHARA,34.3413,132.9069,3,-,広島県,K-NET11A,
K-NET,HRS019,呉,KURE,34.2530,132.5617,4,-,広島県,K-NET11A,
K-NET,HRS020,因島,INNOSHIMA,34.2936,133.1776,17,-,広島県,K-NET11A,
K-NET,HRS021,西城,SAIJO,34.9413,133.1185,325,-,広島県,K-NET11A,
KiK-net,HRSH01,三原,MIHARA,34.3736,133.0236,35,205,広島県,KiK-net11A,
KiK-net,HRSH02,大和,DAIWA,34.5482,132.9480,360,100,広島県,KiK-net11A,
KiK-net,HRSH03,御調,MITSUGI,34.5183,133.1375,160,200,広島県,KiK-net11A,
KiK-net,HRSH04,沼隈,NUMAKUMA,34.3785,133.3493,25,200,広島県,KiK-net11A,
KiK-net,HRSH05,神辺,KANNABE,34.5566,133.4179,20,200,広島県,KiK-net11A,
KiK-net,HRSH06,口和,KUCHIWA,34.9137,132.9123,340,100,広島県,KiK-net11A,
KiK-net,HRSH07,呉,KURE,34.2883,132.6411,230,102,広島県,KiK-net11A,
KiK-net,HRSH08,佐伯,SAIKI,34.3935,132.1611,350,100,広島県,KiK-net11A,
KiK-net,HRSH09,吉舎,KISA,34.7016,132.9524,350,115,広島県,KiK-net11A,
KiK-net,HRSH10,芸北,GEIHOKU,34.7471,132.3794,712,100,広島県,KiK-net11A,
KiK-net,HRSH11,神石,JINSEKI,34.8225,133.1674,590,100,広島県,KiK-net18,
KiK-net,HRSH12,広島,HIROSHIMA,34.5810,132.4295,360,150,広島県,KiK-net11C,
KiK-net,HRSH13,広島南,HIROSHIMA-S,34.4122,132.3907,150,200,広島県,KiK-net18,
KiK-net,HRSH14,沖美,OKIMI,34.2090,132.4063,40,100,広島県,KiK-net18,
KiK-net,HRSH15,倉橋,KURAHASHI,34.1161,132.5053,180,100,広島県,KiK-net18,
KiK-net,HRSH16,吉田,YOSHIDA,34.6629,132.6689,280,100,広島県,KiK-net11C,
KiK-net,HRSH17,戸河内,TOGOUCHI,34.5716,132.2326,265,102,広島県,KiK-net11C,
KiK-net,HRSH18,東広島,HIGASHIHIROSHIMA,34.4572,132.7923,235,100,広島県,KiK-net11C,
K-NET,HYG001,浜坂,HAMASAKA,35.6197,134.4506,7,-,兵庫県,K-NET11A,
K-NET,HYG002,香住,KASUMI,35.6394,134.6280,6,-,兵庫県,K-NET11A,
K-NET,HYG003,出石,IZUSHI,35.4613,134.8758,16,-,兵庫県,K-NET11A,
K-NET,HYG004,村岡,MURAOKA,35.4583,134.5782,316,-,兵庫県,K-NET11A,
K-NET,HYG005,和田山,WADAYAMA,35.3408,134.8616,74,-,兵庫県,K-NET11A,
K-NET,HYG006,大屋,OHYA,35.3329,134.6649,149,-,兵庫県,K-NET11A,
K-NET,HYG007,波賀,HAGA,35.1638,134.5458,259,-,兵庫県,K-NET11A,
K-NET,HYG008,生野,IKUNO,35.1487,134.7880,300,-,兵庫県,K-NET11A,
K-NET,HYG009,黒井,KUROI,35.1699,135.1025,85,-,兵庫県,K-NET11A,
K-NET,HYG010,丹南,TANNAN,35.0592,135.1776,198,-,兵庫県,K-NET11A,
K-NET,HYG011,上月,KOZUKI,34.9850,134.3226,82,-,兵庫県,K-NET11A,
K-NET,HYG012,山崎,YAMASAKI,34.9958,134.5523,90,-,兵庫県,K-NET11A,
K-NET,HYG013,市川,ICHIKAWA,34.9895,134.7636,85,-,兵庫県,K-NET11A,
K-NET,HYG014,西脇,NISHIWAKI,35.0019,134.9994,78,-,兵庫県,K-NET11A,
K-NET,HYG015,三田,SANDA,34.9499,135.2714,193,-,兵庫県,K-NET11A,
K-NET,HYG016,赤穂,AKO,34.7553,134.3900,2,-,兵庫県,K-NET11A,
K-NET,HYG017,龍野,TATSUNO,34.8591,134.5446,22,-,兵庫県,K-NET11A,
K-NET,HYG018,姫路,HIMEJI,34.8145,134.6871,8,-,兵庫県,K-NET11A,
K-NET,HYG019,加古川,KAKOGAWA,34.8321,134.8234,46,-,兵庫県,K-NET11A,
K-NET,HYG020,三木,MIKI,34.7974,134.9889,69,-,兵庫県,K-NET11A,
K-NET,HYG021,神戸,KOBE,34.6904,135.1591,92,-,兵庫県,K-NET11A,
K-NET,HYG022,西宮,NISHINOMIYA,34.7463,135.3501,8,-,兵庫県,K-NET11A,
K-NET,HYG023,明石,AKASHI,34.7012,134.8803,9,-,兵庫県,K-NET11A,
K-NET,HYG024,東浦,HIGASHIURA,34.5330,134.9904,6,-,兵庫県,K-NET11A,
K-NET,HYG025,洲本,SUMOTO,34.3389,134.9011,11,-,兵庫県,K-NET11A,
K-NET,HYG026,五色,GOSHIKI,34.4147,134.7914,41,-,兵庫県,K-NET11A,
K-NET,HYG027,南淡,NANDAN,34.2496,134.7292,111,-,兵庫県,K-NET11A,
KiK-net,HYGH01,三原,MIHARA,34.2937,134.7941,65,102,兵庫県,KiK-net11A,
KiK-net,HYGH02,南光,NANKOU,35.0671,134.4234,205,103,兵庫県,KiK-net11A,
KiK-net,HYGH03,波賀,HAGA,35.2193,134.5237,365,100,兵庫県,KiK-net11A,
KiK-net,HYGH04,篠山,SASAYAMA,35.0708,135.2811,218,100,兵庫県,KiK-net11A,
KiK-net,HYGH05,上郡,KAMIGORI,34.8995,134.3284,80,100,兵庫県,KiK-net11A,
KiK-net,HYGH06,相生,AIOI,34.7935,134.4792,65,200,兵庫県,KiK-net11A,
KiK-net,HYGH07,夢前,YUMESAKI,35.0322,134.6701,160,100,兵庫県,KiK-net11A,
KiK-net,HYGH08,加美,KAMI,35.1010,134.9036,160,110,兵庫県,KiK-net11A,
KiK-net,HYGH09,東条,TOJO,34.9082,135.0844,140,100,兵庫県,KiK-net11A,
KiK-net,HYGH10,加古川,KAKOGAWA,34.8164,134.8078,18,100,兵庫県,KiK-net11A,
KiK-net,HYGH11,山東,SANTO,35.2925,134.9071,180,200,兵庫県,KiK-net11A,
KiK-net,HYGH12,新宮,SHINGU,34.9313,134.5423,70,100,兵庫県,KiK-net11A,
KiK-net,HYGH13,香住,KASUMI,35.6208,134.6566,230,100,兵庫県,KiK-net18,
KiK-net,HYGH14,出石,IZUSHI,35.4574,134.8621,15,102,兵庫県,KiK-net18,
KiK-net,HYGH15,村岡,MURAOKA,35.4697,134.5953,225,100,兵庫県,KiK-net18,
KiK-net,HYMH01,北檜山,KITAHIYAMA,42.4851,139.9678,167,112,北海道,KiK-net18,
KiK-net,HYMH02,厚沢部,ASSABU,41.9856,140.3087,85,101,北海道,KiK-net18,
KiK-net,HYMH03,熊石,KUMAISHI,42.1344,140.0040,70,100,北海道,KiK-net11C,
K-NET,IBR001,大子,DAIGO,36.7763,140.3582,106,-,茨城県,K-NET11A,
K-NET,IBR002,高萩,TAKAHAGI,36.7126,140.7073,9,-,茨城県,K-NET11A,
K-NET,IBR003,日立,HITACHI,36.5914,140.6453,58,-,茨城県,K-NET11A,
K-NET,IBR004,大宮,OHMIYA,36.5516,140.4102,57,-,茨城県,K-NET11A,
K-NET,IBR005,笠間,KASAMA,36.3851,140.2373,63,-,茨城県,K-NET11A,
K-NET,IBR006,水戸,MITO,36.3665,140.4543,30,-,茨城県,K-NET11A,
K-NET,IBR007,那珂湊,NAKAMINATO,36.3526,140.5954,24,-,茨城県,K-NET11A,
K-NET,IBR008,下館,SHIMODATE,36.3061,139.9826,31,-,茨城県,K-NET11A,
K-NET,IBR009,古河,KOGA,36.1850,139.7037,17,-,茨城県,K-NET11A,
K-NET,IBR010,下妻,SHIMOTSUMA,36.1844,139.9652,22,-,茨城県,K-NET11A,
K-NET,IBR011,つくば,TSUKUBA,36.1256,140.0901,27,-,茨城県,K-NET11A,
K-NET,IBR012,石岡,ISHIOKA,36.1954,140.2713,25,-,茨城県,K-NET11A,
K-NET,IBR013,鉾田,HOKOTA,36.1587,140.4892,29,-,茨城県,K-NET11A,
K-NET,IBR014,土浦,TSUCHIURA,36.0729,140.1948,18,-,茨城県,K-NET11A,
K-NET,IBR015,岩井,IWAI,36.0698,139.9082,13,-,茨城県,K-NET11A,
K-NET,IBR016,取手,TORIDE,35.9114,140.0494,20,-,茨城県,K-NET11A,
K-NET,IBR017,江戸崎,EDOSAKI,35.9538,140.3196,14,-,茨城県,K-NET11A,
K-NET,IBR018,鹿嶋,KASHIMA,35.9766,140.6306,39,-,茨城県,K-NET11A,
K-NET,IBR019,北茨城,KITAIBARAKI,36.8808,140.6544,NA,-,茨城県,---,休止
KiK-net,IBRH06,北茨城2,KITAIBARAKI2,36.8809,140.6545,395,100,茨城県,KiK-net11,
KiK-net,IBRH07,江戸崎,EDOSAKI,35.9521,140.3301,3,1200,茨城県,KiK-net11A,
KiK-net,IBRH08,大洋,TAIYO,36.1188,140.5621,40,1200,茨城県,KiK-net18,
KiK-net,IBRH09,常北,JOHOKU,36.4390,140.3559,50,106,茨城県,KiK-net11C,
KiK-net,IBRH10,石下,ISHIGE,36.1112,139.9889,15,901,茨城県,KiK-net11A,
KiK-net,IBRH11,岩瀬,IWASE,36.3701,140.1401,67,103,茨城県,KiK-net11A,
KiK-net,IBRH12,大子,DAIGO,36.8369,140.3181,210,200,茨城県,KiK-net11A,
KiK-net,IBRH13,高萩,TAKAHAGI,36.7955,140.5750,505,100,茨城県,KiK-net11,
KiK-net,IBRH14,十王,JUO,36.6922,140.5484,330,100,茨城県,KiK-net11B,
KiK-net,IBRH15,御前山,GOZENYAMA,36.5566,140.3013,45,107,茨城県,KiK-net11B,
KiK-net,IBRH16,山方,YAMAGATA,36.6405,140.3976,90,300,茨城県,KiK-net11A,
KiK-net,IBRH17,霞ヶ浦,KASUMIGAURA,36.0864,140.3140,20,510,茨城県,KiK-net11A,
KiK-net,IBRH18,ひたちなか,HITACHINAKA,36.3631,140.6198,20,504,茨城県,KiK-net11A,
KiK-net,IBRH19,つくば,TSUKUBA,36.2137,140.0893,175,210,茨城県,KiK-net18,
KiK-net,IBRH20,波崎2,HASAKI2,35.8284,140.7323,6,923,茨城県,KiK-net18,
KiK-net,IBRH21,つくば南,TSUKUBA-S,35.9814,140.1050,22,929,茨城県,KiK-net18,
KiK-net,IBUH01,追分,OIWAKE,42.8739,141.8191,60,101,北海道,KiK-net18,
KiK-net,IBUH02,穂別,HOBETSU,42.8714,142.1285,175,102,北海道,KiK-net11C,
KiK-net,IBUH03,厚真,ATSUMA,42.6486,141.8641,10,153,北海道,KiK-net18,
KiK-net,IBUH04,豊浦,TOYOURA,42.6415,140.6650,214,103,北海道,KiK-net18,
KiK-net,IBUH05,白老,SHIRAOI,42.5629,141.3497,20,177,北海道,KiK-net18,
KiK-net,IBUH06,室蘭,MURORAN,42.4116,141.0017,400,562,北海道,KiK-net11B,
KiK-net,IBUH07,大滝,OTAKI,42.6476,141.0643,350,200,北海道,KiK-net18,
KiK-net,IKRH01,当別,TOBETSU,43.4087,141.5836,80,200,北海道,KiK-net11A,
KiK-net,IKRH02,新篠津,SHINSHINOTSU,43.2204,141.6523,10,127,北海道,KiK-net18,
KiK-net,IKRH03,千歳,CHITOSE,42.8880,141.6399,10,253,北海道,KiK-net11B,
K-NET,ISK001,大谷,OHTANI,37.5000,137.1767,6,-,石川県,K-NET11A,
K-NET,ISK002,正院,SHOIN,37.4473,137.2877,4,-,石川県,K-NET11A,
K-NET,ISK003,輪島,WAJIMA,37.3924,136.9078,12,-,石川県,K-NET11A,
K-NET,ISK004,能都,NOTO,37.3080,137.1471,9,-,石川県,K-NET18,
K-NET,ISK005,穴水,ANAMIZU,37.2309,136.9041,3,-,石川県,K-NET11A,
K-NET,ISK006,富来,TOGI,37.1603,136.6896,75,-,石川県,K-NET11A,
K-NET,ISK007,七尾,NANAO,37.0426,136.9680,2,-,石川県,K-NET11A,
K-NET,ISK008,羽咋,HAKUI,36.8938,136.7783,14,-,石川県,K-NET11A,
K-NET,ISK009,七塚,NANATSUKA,36.7334,136.7025,38,-,石川県,K-NET11A,
K-NET,ISK010,金沢,KANAZAWA,36.5421,136.6435,29,-,石川県,K-NET11A,
K-NET,ISK011,小松,KOMATSU,36.3976,136.4409,3,-,石川県,K-NET11A,
K-NET,ISK012,鳥越,TORIGOE,36.3579,136.6049,187,-,石川県,K-NET11A,
K-NET,ISK013,白峰,SHIRAMINE,36.1804,136.6246,476,-,石川県,K-NET11A,
K-NET,ISK014,加賀,KAGA,36.3031,136.3154,4,-,石川県,K-NET11A,
K-NET,ISK015,大町,OHMACHI,37.2265,136.9087,3,-,石川県,K-NET11C,
KiK-net,ISKH01,珠洲,SUZU,37.5266,137.2844,48,201,石川県,KiK-net18,
KiK-net,ISKH02,柳田,YANAGIDA,37.3644,137.0413,121,102,石川県,KiK-net11C,
KiK-net,ISKH03,内浦,UCHIURA,37.3458,137.2436,19,207,石川県,KiK-net18,
KiK-net,ISKH04,富来,TOGI,37.1902,136.7176,56,117,石川県,KiK-net11C,
KiK-net,ISKH05,穴水,ANAMIZU,37.2224,136.9689,56,105,石川県,KiK-net18,
KiK-net,ISKH06,志賀,SHIKA,37.0533,136.8206,20,200,石川県,KiK-net11A,
KiK-net,ISKH07,金沢,KANAZAWA,36.5150,136.6357,103,803,石川県,KiK-net11A,
KiK-net,ISKH08,津幡,TSUBATA,36.7380,136.7906,119,100,石川県,KiK-net18,
KiK-net,ISKH09,尾口,OGUCHI,36.2667,136.7168,560,106,石川県,KiK-net18,
K-NET,IWT001,種市,TANEICHI,40.4101,141.7193,14,-,岩手県,K-NET11A,
K-NET,IWT002,久慈,KUJI,40.1820,141.7643,28,-,岩手県,K-NET11,
K-NET,IWT003,普代,FUDAI,40.0083,141.8885,7,-,岩手県,K-NET11,
K-NET,IWT004,田老,TARO,39.7356,141.9671,9,-,岩手県,K-NET11,
K-NET,IWT005,宮古,MIYAKO,39.6478,141.9465,6,-,岩手県,K-NET11,
K-NET,IWT006,山田,YAMADA,39.4850,141.9748,17,-,岩手県,K-NET11,
K-NET,IWT007,釜石,KAMAISHI,39.2699,141.8567,9,-,岩手県,K-NET11,
K-NET,IWT008,大船渡,OHFUNATO,39.0815,141.7093,24,-,岩手県,K-NET11,
K-NET,IWT009,大東,DAITO,39.0190,141.4053,148,-,岩手県,K-NET11,
K-NET,IWT010,一関,ICHINOSEKI,38.9346,141.1264,31,-,岩手県,K-NET11,
K-NET,IWT011,水沢,MIZUSAWA,39.1453,141.1527,43,-,岩手県,K-NET11,
K-NET,IWT012,北上,KITAKAMI,39.3206,141.1388,62,-,岩手県,K-NET11A,
K-NET,IWT013,遠野,TONO,39.3290,141.5638,298,-,岩手県,K-NET11,
K-NET,IWT014,石鳥谷,ISHIDORIYA,39.4846,141.1466,86,-,岩手県,K-NET11,
K-NET,IWT015,川尻,KAWAJIRI,39.3183,140.7794,247,-,岩手県,K-NET11,
K-NET,IWT016,川井,KAWAI,39.6000,141.6790,198,-,岩手県,K-NET11,
K-NET,IWT017,門馬,KADOMA,39.6339,141.4379,617,-,岩手県,K-NET11,
K-NET,IWT018,盛岡,MORIOKA,39.6954,141.1477,120,-,岩手県,K-NET11A,
K-NET,IWT019,岩泉,IWAIZUMI,39.8030,141.6584,294,-,岩手県,K-NET11,
K-NET,IWT020,藪川,YABUKAWA,39.7844,141.3296,695,-,岩手県,K-NET11,
K-NET,IWT021,西根,NISHINE,39.9203,141.0822,283,-,岩手県,K-NET11,
K-NET,IWT022,安代,ASHIRO,40.1009,141.0528,296,-,岩手県,K-NET11,
K-NET,IWT023,葛巻,KUZUMAKI,40.0370,141.4501,402,-,岩手県,K-NET11,
K-NET,IWT024,二戸,NINOHE,40.2612,141.2908,94,-,岩手県,K-NET11,
K-NET,IWT025,大志田,OHSHIDA,39.5169,140.8299,367,-,岩手県,K-NET11,
K-NET,IWT026,相去,AISARI,39.2569,141.0983,76,-,岩手県,K-NET11,
KiK-net,IWTH01,二戸東,NINOHE-E,40.2383,141.3423,230,200,岩手県,KiK-net11A,
KiK-net,IWTH02,玉山,TAMAYAMA,39.8250,141.3826,675,103,岩手県,KiK-net11A,
KiK-net,IWTH03,岩泉,IWAIZUMI,39.8020,141.6520,310,100,岩手県,KiK-net11C,
KiK-net,IWTH04,住田,SUMITA,39.1809,141.3909,620,106,岩手県,KiK-net18,
KiK-net,IWTH05,藤沢,FUJISAWA,38.8654,141.3512,120,100,岩手県,KiK-net11A,
KiK-net,IWTH06,二戸西,NINOHE-W,40.2611,141.1709,225,100,岩手県,KiK-net18,
KiK-net,IWTH07,軽米,KARUMAI,40.2705,141.5709,260,120,岩手県,KiK-net18,
KiK-net,IWTH08,久慈北,KUJI-N,40.2686,141.7831,175,100,岩手県,KiK-net11A,
KiK-net,IWTH09,久慈南,KUJI-S,40.0861,141.7120,240,100,岩手県,KiK-net18,
KiK-net,IWTH10,安代,ASHIRO,40.1391,140.9529,308,100,岩手県,KiK-net11,
KiK-net,IWTH11,一戸,ICHINOHE,40.0811,141.1915,629,300,岩手県,KiK-net18,
KiK-net,IWTH12,九戸,KUNOHE,40.1533,141.4245,365,100,岩手県,KiK-net18,
KiK-net,IWTH13,葛巻,KUZUMAKI,39.9398,141.5492,570,117,岩手県,KiK-net11,
KiK-net,IWTH14,田老,TARO,39.7435,141.9087,200,100,岩手県,KiK-net11A,
KiK-net,IWTH15,矢巾,YAHABA,39.6148,141.0929,195,122,岩手県,KiK-net18,
KiK-net,IWTH16,雫石,SHIZUKUISHI,39.6436,140.9465,212,150,岩手県,KiK-net11A,
KiK-net,IWTH17,川井北,KAWAI-N,39.6442,141.5977,305,103,岩手県,KiK-net11C,
KiK-net,IWTH18,川井南,KAWAI-S,39.4630,141.6775,552,100,岩手県,KiK-net18,
KiK-net,IWTH19,花巻北,HANAMAKI-N,39.4559,141.0001,220,101,岩手県,KiK-net11A,
KiK-net,IWTH20,花巻南,HANAMAKI-S,39.3434,141.0473,106,156,岩手県,KiK-net11C,
KiK-net,IWTH21,山田,YAMADA,39.4734,141.9336,13,100,岩手県,KiK-net11C,
KiK-net,IWTH22,東和,TOWA,39.3340,141.3015,260,100,岩手県,KiK-net11A,
KiK-net,IWTH23,釜石,KAMAISHI,39.2741,141.8233,44,103,岩手県,KiK-net11A,
KiK-net,IWTH24,金ヶ崎,KANEGASAKI,39.1979,141.0118,200,150,岩手県,KiK-net11C,
KiK-net,IWTH25,一関西,ICHINOSEKI-W,39.0092,140.8638,386,260,岩手県,---,休止
KiK-net,IWTH26,一関東,ICHINOSEKI-E,38.9690,141.0013,125,108,岩手県,KiK-net11C,
KiK-net,IWTH27,陸前高田,RIKUZENTAKATA,39.0307,141.5320,80,100,岩手県,KiK-net11C,
KiK-net,IWTH28,一関西2,ICHINOSEKI-W2,39.0094,140.8640,380,263,岩手県,KiK-net11A,
K-NET,KGS001,東,AZUMA,32.1947,130.1763,77,-,鹿児島県,K-NET18,
K-NET,KGS002,出水,IZUMI,32.0916,130.3519,12,-,鹿児島県,K-NET18,
K-NET,KGS003,大口,OHKUCHI,32.0559,130.5874,176,-,鹿児島県,K-NET18,
K-NET,KGS004,阿久根,AKUNE,32.0145,130.1927,2.7,-,鹿児島県,K-NET18,
K-NET,KGS005,宮之城,MIYANOJO,31.9006,130.4513,42.5,-,鹿児島県,K-NET18,
K-NET,KGS006,横川,YOKOGAWA,31.9060,130.7021,187.5,-,鹿児島県,K-NET18,
K-NET,KGS007,川内,SENDAI,31.8143,130.3032,3.8,-,鹿児島県,K-NET18,
K-NET,KGS008,蒲生,KAMO,31.7638,130.5659,11,-,鹿児島県,K-NET18,
K-NET,KGS009,国分,KOKUBU,31.7368,130.7613,4,-,鹿児島県,K-NET18,
K-NET,KGS010,串木野,KUSHIKINO,31.7123,130.2735,15.9,-,鹿児島県,K-NET18,
K-NET,KGS011,日吉,HIYOSHI,31.5896,130.3490,18,-,鹿児島県,K-NET18,
K-NET,KGS012,鹿児島,KAGOSHIMA,31.6057,130.5740,3.8,-,鹿児島県,K-NET18,
K-NET,KGS013,大隅,OHSUMI,31.5973,130.9938,117.7,-,鹿児島県,K-NET18,
K-NET,KGS014,垂水,TARUMIZU,31.4963,130.6994,4,-,鹿児島県,K-NET18,
K-NET,KGS015,大崎,OHSAKI,31.4308,131.0109,34,-,鹿児島県,K-NET18,
K-NET,KGS016,加世田,KASEDA,31.4162,130.3225,10.8,-,鹿児島県,K-NET18,
K-NET,KGS017,鹿屋,KANOYA,31.3954,130.8702,64.4,-,鹿児島県,K-NET18,
K-NET,KGS018,喜入,KIIRE,31.3757,130.5449,51.4,-,鹿児島県,K-NET18,
K-NET,KGS019,枕崎,MAKURAZAKI,31.2776,130.3008,10,-,鹿児島県,K-NET18,
K-NET,KGS020,頴娃,EI,31.2396,130.4915,21.4,-,鹿児島県,K-NET18,
K-NET,KGS021,指宿,IBUSUKI,31.2535,130.6324,7.9,-,鹿児島県,K-NET18,
K-NET,KGS022,内之浦,UCHINOURA,31.2804,131.0504,12,-,鹿児島県,K-NET18,
K-NET,KGS023,田代,TASHIRO,31.1990,130.8490,178.9,-,鹿児島県,K-NET18,
K-NET,KGS024,佐多,SATA,31.0888,130.6982,74.6,-,鹿児島県,K-NET18,
K-NET,KGS025,西之表,NISHINOOMOTE,30.7319,130.9977,15,-,鹿児島県,K-NET18,
K-NET,KGS026,中種子,NAKATANE,30.5199,130.9553,114,-,鹿児島県,K-NET18,
K-NET,KGS027,門倉崎,KADOKURAZAKI,30.3488,130.8829,15,-,鹿児島県,K-NET18,
K-NET,KGS028,上屋久,KAMIYAKU,30.4204,130.5771,40.8,-,鹿児島県,K-NET18,
K-NET,KGS029,屋久,YAKU,30.2363,130.5553,60,-,鹿児島県,K-NET18,
K-NET,KGS030,笠利,KASARI,28.4510,129.6784,3.5,-,鹿児島県,K-NET18,
K-NET,KGS031,大和,YAMATO,28.3553,129.3924,12,-,鹿児島県,K-NET18,
K-NET,KGS032,瀬戸内,SETOUCHI,28.1388,129.3206,1.5,-,鹿児島県,K-NET18,
K-NET,KGS033,伊仙,ISEN,27.6883,128.9421,136,-,鹿児島県,K-NET18,
K-NET,KGS034,知名,CHINA,27.3340,128.5743,24,-,鹿児島県,K-NET18,
K-NET,KGS035,与論,YORON,27.0522,128.4241,44,-,鹿児島県,K-NET18,
K-NET,KGS036,上甑,KAMIKOSHIKI,31.8360,129.8678,6,-,鹿児島県,K-NET18,
K-NET,KGS037,下甑,SHIMOKOSHIKI,31.6390,129.7078,13.3,-,鹿児島県,K-NET18,
KiK-net,KGSH01,長島,NAGASHIMA,32.1554,130.1191,15,202,鹿児島県,KiK-net11C,
KiK-net,KGSH02,阿久根,AKUNE,31.9940,130.2077,41,202,鹿児島県,KiK-net18,
KiK-net,KGSH03,宮之城,MIYANOJO,31.9812,130.4438,110,100,鹿児島県,KiK-net18,
KiK-net,KGSH04,川内,SENDAI,31.8374,130.3602,14,101,鹿児島県,KiK-net11C,
KiK-net,KGSH05,祁答院,KEDOIN,31.8699,130.4958,73,107,鹿児島県,KiK-net18,
KiK-net,KGSH06,郡山,KORIYAMA,31.6988,130.4594,131,203,鹿児島県,KiK-net18,
KiK-net,KGSH07,姶良,AIRA,31.7140,130.6149,6,302,鹿児島県,KiK-net11C,
KiK-net,KGSH08,大隅,OHSUMI,31.5618,130.9969,97,151,鹿児島県,KiK-net18,
KiK-net,KGSH09,知覧,CHIRAN,31.3741,130.4333,119,100,鹿児島県,KiK-net11C,
KiK-net,KGSH10,山川,YAMAGAWA,31.2066,130.6183,81,203,鹿児島県,KiK-net18,
KiK-net,KGSH11,佐多,SATA,31.0899,130.6990,87,200,鹿児島県,KiK-net11C,
KiK-net,KGSH12,内之浦,UCHINOURA,31.2583,131.0877,265,150,鹿児島県,KiK-net11C,
KiK-net,KGSH13,鹿屋,KANOYA,31.4005,130.8541,40,101,鹿児島県,KiK-net18,
K-NET,KGW001,土庄,TONOSHO,34.5452,134.2804,3,-,香川県,K-NET11A,
K-NET,KGW002,内海,UCHINOUMI,34.4724,134.3142,2,-,香川県,K-NET11A,
K-NET,KGW003,丸亀,MARUGAME,34.2644,133.7896,13,-,香川県,K-NET11A,
K-NET,KGW004,高松,TAKAMATSU,34.3473,134.0375,2,-,香川県,K-NET11A,
K-NET,KGW005,観音寺,KANONJI,34.1139,133.6353,1,-,香川県,K-NET11A,
K-NET,KGW006,長尾,NAGAO,34.2499,134.1856,71,-,香川県,K-NET11A,
K-NET,KGW007,引田,HIKETA,34.2130,134.4133,9,-,香川県,K-NET11A,
K-NET,KGW008,琴南,KOTONAMI,34.1645,133.9241,177,-,香川県,K-NET11A,
KiK-net,KGWH01,綾上,AYAKAMI,34.2186,133.9493,90,117,香川県,KiK-net11A,
KiK-net,KGWH02,三野,MINO,34.1980,133.7081,5,200,香川県,KiK-net11A,
KiK-net,KGWH03,三木,MIKI,34.2700,134.1482,50,100,香川県,KiK-net11A,
KiK-net,KGWH04,大内,OHCHI,34.2264,134.3043,35,105,香川県,KiK-net11B,
KiK-net,KGWH05,内海,UCHINOMI,34.4572,134.3241,20,433,香川県,KiK-net11B,
KiK-net,KKWH01,美深北,BIFUKA-N,44.5973,142.3036,61,111,北海道,KiK-net18,
KiK-net,KKWH02,美深東,BIFUKA-E,44.5509,142.5736,283,112,北海道,KiK-net18,
KiK-net,KKWH03,美深西,BIFUKA-W,44.4732,142.2725,100,100,北海道,KiK-net18,
KiK-net,KKWH04,名寄,NAYORO,44.4376,142.4056,84,100,北海道,KiK-net18,
KiK-net,KKWH05,下川西,SHIMOKAWA-W,44.2921,142.6303,160,300,北海道,KiK-net18,
KiK-net,KKWH06,下川東,SHIMOKAWA-E,44.3207,142.7656,200,100,北海道,KiK-net18,
KiK-net,KKWH07,富良野,FURANO,43.3697,142.3409,205,109,北海道,KiK-net18,
KiK-net,KKWH08,占冠,SHIMUKAPPU,43.0406,142.6562,569,100,北海道,KiK-net11B,
KiK-net,KKWH09,音威子府,OTOINEPPU,44.7745,142.2542,70,106,北海道,KiK-net18,
KiK-net,KKWH10,中川,NAKAGAWA,44.6617,142.0528,65,105,北海道,KiK-net18,
KiK-net,KKWH11,和寒,WASSAMU,43.9754,142.2834,195,105,北海道,KiK-net18,
KiK-net,KKWH12,美瑛東,BIEI-E,43.5038,142.6006,450,207,北海道,KiK-net11B,
KiK-net,KKWH13,美瑛西,BIEI-W,43.5113,142.3906,315,168,北海道,KiK-net11C,
KiK-net,KKWH14,中富良野,NAKAFURANO,43.3841,142.5245,389,150,北海道,KiK-net18,
KiK-net,KKWH15,上川,KAMIKAWA,43.8546,142.7656,340,148,北海道,KiK-net18,
K-NET,KMM001,小国,OGUNI,33.1211,131.0689,430,-,熊本県,K-NET11B,
K-NET,KMM002,山鹿,YAMAGA,33.0189,130.6846,33,-,熊本県,K-NET11B,
K-NET,KMM003,玉名,TAMANA,32.9335,130.5477,13,-,熊本県,K-NET11B,
K-NET,KMM004,一の宮,ICHINOMIYA,32.9318,131.1203,554,-,熊本県,K-NET11A,
K-NET,KMM005,大津,OHZU,32.8761,130.8771,125,-,熊本県,K-NET11B,
K-NET,KMM006,熊本,KUMAMOTO,32.7934,130.7772,35,-,熊本県,K-NET11B,
K-NET,KMM007,高森,TAKAMORI,32.8268,131.1224,547,-,熊本県,K-NET11B,
K-NET,KMM008,宇土,UTO,32.6875,130.6598,3,-,熊本県,K-NET11B,
K-NET,KMM009,矢部,YABE,32.6864,130.9886,466,-,熊本県,K-NET11B,
K-NET,KMM010,三角,MISUMI,32.6134,130.4873,6,-,熊本県,K-NET11B,
K-NET,KMM011,砥用,TOMOCHI,32.6166,130.8635,142,-,熊本県,K-NET11B,
K-NET,KMM012,八代,YATSUSHIRO,32.5099,130.5908,2,-,熊本県,K-NET11C,
K-NET,KMM013,田浦,TANOURA,32.3644,130.5089,6,-,熊本県,K-NET11B,
K-NET,KMM014,五木,ITSUKI,32.3961,130.8273,306,-,熊本県,K-NET11B,
K-NET,KMM015,水俣,MINAMATA,32.2161,130.4059,8,-,熊本県,K-NET11B,
K-NET,KMM016,人吉,HITOYOSHI,32.1965,130.7757,151,-,熊本県,K-NET11B,
K-NET,KMM017,多良木,TARAGI,32.2567,130.9245,153,-,熊本県,K-NET11B,
K-NET,KMM018,龍ヶ岳,RYUGATAKE,32.3941,130.3898,8,-,熊本県,K-NET11B,
K-NET,KMM019,本渡,HONDO,32.4548,130.1807,10,-,熊本県,K-NET11B,
K-NET,KMM020,新和,SHINWA,32.3636,130.1807,9.6,-,熊本県,K-NET18,
K-NET,KMM021,天草,AMAKUSA,32.3793,129.9996,7,-,熊本県,K-NET11B,
K-NET,KMM022,牛深,USHIBUKA,32.1945,130.0270,3,-,熊本県,K-NET11B,
KiK-net,KMMH01,鹿北,KAHOKU,33.1089,130.6949,75,100,熊本県,KiK-net11B,
KiK-net,KMMH02,小国,OGUNI,33.1220,131.0629,430,124,熊本県,KiK-net11B,
KiK-net,KMMH03,菊池,KIKUCHI,32.9984,130.8301,178,200,熊本県,KiK-net11B,
KiK-net,KMMH04,阿蘇,ASO,32.9514,131.0199,475,127,熊本県,---,休止
KiK-net,KMMH05,波野,NAMINO,32.9553,131.2207,693,100,熊本県,KiK-net11B,
KiK-net,KMMH06,白水,HAKUSUI,32.8114,131.1010,492,111,熊本県,KiK-net11B,
KiK-net,KMMH07,三角,MISUMI,32.6234,130.5584,22,300,熊本県,KiK-net11B,
KiK-net,KMMH08,矢部,YABE,32.6501,131.0251,450,103,熊本県,KiK-net11B,
KiK-net,KMMH09,泉,IZUMI,32.4901,130.9046,520,100,熊本県,KiK-net11B,
KiK-net,KMMH10,新和,SHINWA,32.3151,130.1811,158,300,熊本県,KiK-net11B,
KiK-net,KMMH11,芦北,ASHIKITA,32.2918,130.5777,100,300,熊本県,KiK-net11B,
KiK-net,KMMH12,人吉,HITOYOSHI,32.2054,130.7371,105,123,熊本県,KiK-net11B,
KiK-net,KMMH13,上,UE,32.2209,130.9096,175,177,熊本県,KiK-net11B,
KiK-net,KMMH14,豊野,TOYONO,32.6345,130.7521,70,110,熊本県,KiK-net11B,
KiK-net,KMMH15,水俣,MINAMATA,32.1704,130.3647,15,110,熊本県,KiK-net11B,
KiK-net,KMMH16,益城,MASHIKI,32.7967,130.8199,55,252,熊本県,KiK-net11B,
KiK-net,KMMH17,玉名,TAMANA,32.9873,130.5608,55,100,熊本県,KiK-net11B,
KiK-net,KMMH18,阿蘇2,ASO2,33.0031,131.0071,932,78,熊本県,KiK-net11B,
K-NET,KNG001,川崎,KAWASAKI,35.5291,139.7061,2,-,神奈川県,K-NET11A,
K-NET,KNG002,横浜,YOKOHAMA,35.4372,139.6334,2,-,神奈川県,K-NET11A,
K-NET,KNG003,横須賀,YOKOSUKA,35.2731,139.6582,25,-,神奈川県,K-NET11A,
K-NET,KNG004,三崎,MISAKI,35.1563,139.6400,54,-,神奈川県,K-NET11A,
K-NET,KNG005,鎌倉,KAMAKURA,35.3191,139.5461,10,-,神奈川県,K-NET11A,
K-NET,KNG006,二俣川,FUTAMATAGAWA,35.4541,139.5391,60,-,神奈川県,K-NET11A,
K-NET,KNG007,藤沢,FUJISAWA,35.3382,139.4926,10,-,神奈川県,K-NET11A,
K-NET,KNG008,相模原,SAGAMIHARA,35.5749,139.3262,120,-,神奈川県,K-NET11A,
K-NET,KNG009,厚木,ATSUGI,35.4425,139.3621,19,-,神奈川県,K-NET11A,
K-NET,KNG010,平塚,HIRATSUKA,35.3339,139.3446,7,-,神奈川県,K-NET11A,
K-NET,KNG011,藤野,FUJINO,35.6151,139.1554,214,-,神奈川県,K-NET11A,
K-NET,KNG012,秦野,HADANO,35.3793,139.2044,139,-,神奈川県,K-NET11A,
K-NET,KNG013,小田原,ODAWARA,35.2642,139.1521,11,-,神奈川県,K-NET11A,
K-NET,KNG014,山北,YAMAKITA,35.3609,139.0828,107,-,神奈川県,K-NET11A,
K-NET,KNG201,平塚ST1,HIRATSUKA-ST1,34.5956,139.9183,-2197,-,-,K-NET18,
K-NET,KNG202,平塚ST2,HIRATSUKA-ST2,34.7396,139.8393,-2339,-,-,K-NET18,
K-NET,KNG203,平塚ST3,HIRATSUKA-ST3,34.7983,139.6435,-902,-,-,K-NET18,
K-NET,KNG204,平塚ST4,HIRATSUKA-ST4,34.8931,139.5711,-933,-,-,K-NET18,
K-NET,KNG205,平塚ST5,HIRATSUKA-ST5,34.9413,139.4213,-1486,-,-,K-NET18,
K-NET,KNG206,平塚ST6,HIRATSUKA-ST6,35.0966,139.3778,-1130,-,-,K-NET18,
KiK-net,KNGH10,横浜,YOKOHAMA,35.4991,139.5195,62,2000,神奈川県,KiK-net18,
KiK-net,KNGH11,厚木,ATSUGI,35.4040,139.3539,12,1800,神奈川県,KiK-net18,
KiK-net,KNGH18,藤野,FUJINO,35.6437,139.1283,320,100,神奈川県,KiK-net11A,
KiK-net,KNGH19,山北中,YAMAKITA-C,35.4173,139.0436,330,100,神奈川県,KiK-net11A,
KiK-net,KNGH20,松田,MATSUDA,35.3663,139.1260,465,106,神奈川県,KiK-net11A,
KiK-net,KNGH21,清川,KIYOKAWA,35.4628,139.2146,455,210,神奈川県,KiK-net11A,
KiK-net,KNGH22,山北南,YAMAKITA-S,35.3583,139.0910,157,2000,神奈川県,KiK-net18,
KiK-net,KNGH23,葉山,HAYAMA,35.2624,139.6110,102,100,神奈川県,KiK-net11A,
K-NET,KOC001,東洋,TOYO,33.5277,134.2808,7,-,高知県,K-NET11A,
K-NET,KOC002,室戸,MUROTO,33.2946,134.1666,19,-,高知県,K-NET11A,
K-NET,KOC003,安芸,AKI,33.5014,133.9071,5,-,高知県,K-NET11A,
K-NET,KOC004,物部,MONOBE,33.6975,133.8764,220,-,高知県,K-NET11A,
K-NET,KOC005,土佐山田,TOSAYAMADA,33.5929,133.6923,27,-,高知県,K-NET11A,
K-NET,KOC006,土佐,TOSA,33.4943,133.4166,8,-,高知県,K-NET11A,
K-NET,KOC007,高知,KOCHI,33.5612,133.5273,3,-,高知県,K-NET11A,
K-NET,KOC008,本川,HONKAWA,33.7758,133.3467,553,-,高知県,K-NET11A,
K-NET,KOC009,吾川,AGAWA,33.5736,133.1720,98,-,高知県,K-NET11A,
K-NET,KOC010,須崎,SUSAKI,33.3929,133.2852,2,-,高知県,K-NET11A,
K-NET,KOC011,檮原,YUSUHARA,33.3982,132.8962,500,-,高知県,K-NET11A,
K-NET,KOC012,大正,TAISHO,33.1976,132.9758,147,-,高知県,K-NET11A,
K-NET,KOC013,佐賀,SAGA,33.0797,133.1023,4,-,高知県,K-NET11A,
K-NET,KOC014,中村,NAKAMURA,32.9897,132.9403,6,-,高知県,K-NET11A,
K-NET,KOC015,宿毛,SUKUMO,32.9393,132.7258,3,-,高知県,K-NET11A,
K-NET,KOC016,土佐清水,TOSASHIMIZU,32.7359,132.9754,125,-,高知県,K-NET11A,
K-NET,KOC017,大豊,OTOYO,33.7844,133.7298,228,-,高知県,K-NET11A,
KiK-net,KOCH01,北川,KITAGAWA,33.5421,134.1197,235,200,高知県,KiK-net11A,
KiK-net,KOCH02,吾北,GOHOKU,33.7079,133.3641,590,100,高知県,KiK-net11A,
KiK-net,KOCH03,大正,TAISHO,33.2683,132.9891,270,100,高知県,KiK-net11A,
KiK-net,KOCH04,大月,OTSUKI,32.8414,132.7066,55,100,高知県,KiK-net11A,
KiK-net,KOCH05,池川,IKEKAWA,33.6472,133.1444,260,100,高知県,KiK-net11A,
KiK-net,KOCH06,中村,NAKAMURA,33.0754,132.9524,31,100,高知県,KiK-net11A,
KiK-net,KOCH07,須崎,SUSAKI,33.3920,133.2866,5,104,高知県,KiK-net11A,
KiK-net,KOCH08,土佐清水,TOSASHIMIZU,32.7797,132.9718,5,100,高知県,KiK-net11B,
KiK-net,KOCH09,香北,KAHOKU,33.6748,133.8243,190,100,高知県,KiK-net11B,
KiK-net,KOCH10,伊野,INO,33.5313,133.4388,10,101,高知県,KiK-net11B,
KiK-net,KOCH11,室戸,MUROTO,33.2866,134.1603,90,300,高知県,KiK-net11B,
KiK-net,KOCH12,芸西,GEISEI,33.5294,133.8192,40,170,高知県,KiK-net11B,
KiK-net,KOCH13,本山,MOTOYAMA,33.7543,133.5760,250,152,高知県,KiK-net11B,
KiK-net,KSRH01,阿寒北,AKAN-N,43.4361,144.0844,431,107,北海道,KiK-net11B,
KiK-net,KSRH02,阿寒南,AKAN-S,43.1142,144.1230,30,105,北海道,KiK-net18,
KiK-net,KSRH03,標茶北,SHIBECHA-N,43.3848,144.6279,83,107,北海道,KiK-net18,
KiK-net,KSRH04,標茶南,SHIBECHA-S,43.2139,144.6804,30,240,北海道,KiK-net11A,
KiK-net,KSRH05,鶴居西,TSURUI-W,43.2556,144.2338,114,330,北海道,KiK-net18,
KiK-net,KSRH06,鶴居東,TSURUI-E,43.2200,144.4285,30,237,北海道,KiK-net18,
KiK-net,KSRH07,鶴居南,TSURUI-S,43.1359,144.3274,38,222,北海道,KiK-net11B,
KiK-net,KSRH08,白糠北,SHIRANUKA-N,43.1603,143.8936,174,100,北海道,KiK-net18,
KiK-net,KSRH09,白糠南,SHIRANUKA-S,42.9856,143.9841,27,100,北海道,KiK-net18,
KiK-net,KSRH10,浜中,HAMANAKA,43.2084,145.1168,31,255,北海道,KiK-net11B,
K-NET,KYT001,丹後,TANGO,35.7404,135.1019,11,-,京都府,K-NET11A,
K-NET,KYT002,久美浜,KUMIHAMA,35.6038,134.8945,3,-,京都府,K-NET11A,
K-NET,KYT003,伊根,INE,35.6762,135.2927,27,-,京都府,K-NET11A,
K-NET,KYT004,宮津,MIYAZU,35.5356,135.1959,2,-,京都府,K-NET11A,
K-NET,KYT005,舞鶴,MAIZURU,35.4756,135.3893,2,-,京都府,K-NET11A,
K-NET,KYT006,福知山,FUKUCHIYAMA,35.2766,135.1820,70,-,京都府,K-NET11A,
K-NET,KYT007,芦生,ASHIU,35.3063,135.7120,406,-,京都府,K-NET11A,
K-NET,KYT008,本庄,HONJO,35.2610,135.3967,99,-,京都府,K-NET11A,
K-NET,KYT009,日吉,HIYOSHI,35.1639,135.5017,156,-,京都府,K-NET11A,
K-NET,KYT010,大布施,OHFUSE,35.2098,135.7738,402.3,-,京都府,---,休止
K-NET,KYT011,亀岡,KAMEOKA,35.0171,135.5637,101,-,京都府,K-NET11A,
K-NET,KYT012,京都,KYOTO,34.9977,135.8177,87,-,京都府,K-NET11A,
K-NET,KYT013,宇治,UJI,34.8784,135.8046,79,-,京都府,K-NET11A,
K-NET,KYT014,南山城,MINAMIYAMASHIRO,34.7731,135.9921,69,-,京都府,K-NET11A,
K-NET,KYT015,広河原,HIROGAWARA,35.2496,135.7667,443,-,京都府,K-NET11A,
KiK-net,KYTH01,野田川,NODAGAWA,35.5243,135.1243,15,155,京都府,KiK-net18,
KiK-net,KYTH02,伊根,INE,35.7101,135.2496,28,200,京都府,KiK-net18,
KiK-net,KYTH03,福知山,FUKUCHIYAMA,35.3130,135.1334,40,300,京都府,KiK-net18,
KiK-net,KYTH04,美山,MIYAMA,35.2685,135.5508,190,100,京都府,KiK-net18,
KiK-net,KYTH05,網野,AMINO,35.6814,135.0268,5,150,京都府,KiK-net18,
KiK-net,KYTH06,亀岡,KAMEOKA,35.0469,135.4846,175,100,京都府,KiK-net11A,
KiK-net,KYTH07,久御山,KUMIYAMA,34.8983,135.7461,11,800,京都府,KiK-net18,
KiK-net,KYTH08,京都,KYOTO,35.0094,135.7304,32,704,京都府,KiK-net18,
K-NET,MIE001,藤原,FUJIWARA,35.1719,136.4948,128,-,三重県,K-NET11A,
K-NET,MIE002,菰野,KOMONO,35.0283,136.5069,79,-,三重県,K-NET11A,
K-NET,MIE003,四日市,YOKKAICHI,34.9708,136.6356,2,-,三重県,K-NET11A,
K-NET,MIE004,亀山,KAMEYAMA,34.8568,136.4489,78,-,三重県,K-NET11A,
K-NET,MIE005,上野,UENO,34.7679,136.1149,134,-,三重県,K-NET11A,
K-NET,MIE006,津,TSU,34.7178,136.5039,2,-,三重県,K-NET11A,
K-NET,MIE007,白山,HAKUSAN,34.6398,136.3399,52,-,三重県,K-NET11A,
K-NET,MIE008,名張,NABARI,34.6291,136.1074,222,-,三重県,K-NET11A,
K-NET,MIE009,松阪,MATSUZAKA,34.5752,136.5296,8,-,三重県,K-NET11A,
K-NET,MIE010,伊勢,ISE,34.4909,136.7331,17,-,三重県,K-NET11A,
K-NET,MIE011,飯高,IITAKA,34.4284,136.3328,143,-,三重県,K-NET11A,
K-NET,MIE012,志摩,SHIMA,34.2544,136.8229,7,-,三重県,K-NET11A,
K-NET,MIE013,南島,NANTO,34.2778,136.4993,2,-,三重県,K-NET11A,
K-NET,MIE014,尾鷲,OWASE,34.0636,136.1689,84,-,三重県,K-NET11A,
K-NET,MIE015,熊野,KUMANO,33.8788,136.0816,6,-,三重県,K-NET11A,
K-NET,MIE016,紀和,KIWA,33.8764,135.9191,60,-,三重県,K-NET11A,
K-NET,MIE017,宮川,MIYAKAWA,34.3628,136.3358,116,-,三重県,K-NET11A,
K-NET,MIE018,椿世,TSUBAISO,34.8701,136.4546,73,-,三重県,K-NET11A,
KiK-net,MIEH01,四日市,YOKKAICHI,34.9849,136.4563,290,140,三重県,KiK-net11A,
KiK-net,MIEH02,大山田,OYAMADA,34.7662,136.2835,280,200,三重県,KiK-net11A,
KiK-net,MIEH03,嬉野,URESHINO,34.5470,136.3692,280,100,三重県,KiK-net11A,
KiK-net,MIEH04,度会,WATARAI,34.3532,136.5866,90,112,三重県,KiK-net11A,
KiK-net,MIEH05,尾鷲,OWASE,34.0637,136.1689,85,100,三重県,KiK-net11B,
KiK-net,MIEH06,宮川,MIYAGAWA,34.3580,136.3293,129,100,三重県,KiK-net11B,
KiK-net,MIEH07,志摩,SHIMA,34.2544,136.8216,10,207,三重県,KiK-net11B,
KiK-net,MIEH08,松阪,MATSUSAKA,34.5424,136.5033,35,150,三重県,KiK-net11B,
KiK-net,MIEH09,紀宝,KIHO,33.7644,135.9969,90,100,三重県,KiK-net11B,
KiK-net,MIEH10,芸濃,GEINO,34.8224,136.4245,75,197,三重県,KiK-net11B,
K-NET,MYG001,気仙沼,KESENNUMA,38.9017,141.5709,36,-,宮城県,K-NET11,
K-NET,MYG002,歌津,UTATSU,38.7261,141.5110,65,-,宮城県,K-NET11C,
K-NET,MYG003,東和,TOWA,38.7349,141.3116,32,-,宮城県,K-NET11,
K-NET,MYG004,築館,TSUKIDATE,38.7324,141.0270,38,-,宮城県,K-NET11,
K-NET,MYG005,鳴子,NARUKO,38.7989,140.6512,304,-,宮城県,K-NET11C,
K-NET,MYG006,古川,FURUKAWA,38.5660,140.9767,17,-,宮城県,K-NET11,
K-NET,MYG007,豊里,TOYOSATO,38.5877,141.2510,4,-,宮城県,K-NET11,
K-NET,MYG008,北上,KITAKAMI,38.5676,141.4267,26,-,宮城県,K-NET11,
K-NET,MYG009,大和,TAIWA,38.4466,140.8871,29,-,宮城県,K-NET11,
K-NET,MYG010,石巻,ISHINOMAKI,38.4292,141.2819,2,-,宮城県,K-NET11,
K-NET,MYG011,牡鹿,OSHIKA,38.3020,141.5079,12,-,宮城県,K-NET11,
K-NET,MYG012,塩竈,SHIOGAMA,38.3288,141.0128,74,-,宮城県,K-NET11,
K-NET,MYG013,仙台,SENDAI,38.2661,140.9286,5,-,宮城県,K-NET11,
K-NET,MYG014,作並,SAKUNAMI,38.3173,140.6362,259,-,宮城県,K-NET11,
K-NET,MYG015,岩沼,IWANUMA,38.1037,140.8708,3,-,宮城県,K-NET11,
K-NET,MYG016,白石,SHIROISHI,38.0079,140.6212,49,-,宮城県,K-NET11,
K-NET,MYG017,角田,KAKUDA,37.9760,140.7822,12,-,宮城県,K-NET11,
K-NET,MYG018,伊里前,ISATOMAE,38.7194,141.5228,24,-,宮城県,K-NET11,
K-NET,MYG019,鳴子温泉,NARUKOONSEN,38.7513,140.7226,144,-,宮城県,K-NET11,
KiK-net,MYGH01,仙台,SENDAI,38.2400,140.9969,2,1206,宮城県,---,休止
KiK-net,MYGH02,鳴子,NARUKO,38.8587,140.6513,345,203,宮城県,KiK-net18,
KiK-net,MYGH03,唐桑,KARAKUWA,38.9207,141.6377,80,117,宮城県,KiK-net11A,
KiK-net,MYGH04,東和,TOWA,38.7860,141.3254,35,100,宮城県,KiK-net18,
KiK-net,MYGH05,小野田,ONODA,38.5793,140.7804,59,337,宮城県,KiK-net11A,
KiK-net,MYGH06,田尻,TAJIRI,38.5907,141.0710,20,100,宮城県,KiK-net11C,
KiK-net,MYGH07,川崎,KAWASAKI,38.1802,140.6405,186,142,宮城県,KiK-net11,
KiK-net,MYGH08,岩沼,IWANUMA,38.1133,140.8441,10,100,宮城県,KiK-net11C,
KiK-net,MYGH09,白石,SHIROISHI,38.0091,140.6027,130,100,宮城県,KiK-net11C,
KiK-net,MYGH10,山元,YAMAMOTO,37.9411,140.8924,18,205,宮城県,KiK-net11A,
KiK-net,MYGH11,河北,KAHOKU,38.5158,141.3421,5,207,宮城県,KiK-net11C,
KiK-net,MYGH12,志津川,SHIZUGAWA,38.6416,141.4428,18,103,宮城県,---,休止
KiK-net,MYGH13,南三陸,MINAMISANRIKU,38.6993,141.4176,90,100,宮城県,KiK-net11,
KiK-net,MYGH14,利府,RIFU,38.3400,140.9551,48,1034,宮城県,KiK-net11,
K-NET,MYZ001,高千穂,TAKACHIHO,32.7050,131.3086,362,-,宮崎県,K-NET11A,
K-NET,MYZ002,北川,KITAGAWA,32.6978,131.6833,18,-,宮崎県,K-NET11A,
K-NET,MYZ003,延岡,NOBEOKA,32.5659,131.6602,6,-,宮崎県,K-NET11A,
K-NET,MYZ004,南郷,NANGO,32.3888,131.3338,289,-,宮崎県,K-NET11A,
K-NET,MYZ005,日向,HYUGA,32.4286,131.6009,26,-,宮崎県,K-NET11B,
K-NET,MYZ006,都農,TSUNO,32.2564,131.5609,23,-,宮崎県,K-NET11A,
K-NET,MYZ007,西米良,NISHIMERA,32.2351,131.1155,306,-,宮崎県,K-NET11A,
K-NET,MYZ008,西都,SAITO,32.1056,131.3931,59,-,宮崎県,K-NET11A,
K-NET,MYZ009,えびの,EBINO,32.0461,130.8115,230,-,宮崎県,K-NET11A,
K-NET,MYZ010,小林,KOBAYASHI,31.9968,130.9722,203,-,宮崎県,K-NET11A,
K-NET,MYZ011,綾,AYA,31.9951,131.2559,24,-,宮崎県,K-NET11A,
K-NET,MYZ012,高崎,TAKASAKI,31.8723,131.0684,150,-,宮崎県,K-NET11A,
K-NET,MYZ013,宮崎,MIYAZAKI,31.9086,131.4188,6,-,宮崎県,K-NET11A,
K-NET,MYZ014,田野,TANO,31.8457,131.3070,136,-,宮崎県,K-NET11A,
K-NET,MYZ015,都城,MIYAKONOJO,31.7182,131.0624,146,-,宮崎県,K-NET11A,
K-NET,MYZ016,日南,NICHINAN,31.6131,131.3745,9,-,宮崎県,K-NET11A,
K-NET,MYZ017,串間,KUSHIMA,31.4639,131.2281,9,-,宮崎県,K-NET11A,
K-NET,MYZ018,都井岬,TOIMISAKI,31.3987,131.3054,12,-,宮崎県,K-NET11A,
K-NET,MYZ019,北郷,KITAGO,32.5008,131.4444,142,-,宮崎県,K-NET11A,
K-NET,MYZ020,椎葉,SHIIBA,32.4557,131.1472,600,-,宮崎県,K-NET11A,
KiK-net,MYZH01,五ヶ瀬,GOKASE,32.6536,131.2257,605,103,宮崎県,KiK-net11B,
KiK-net,MYZH02,北川,KITAGAWA,32.6972,131.6829,20,210,宮崎県,KiK-net11C,
KiK-net,MYZH03,椎葉,SHIIBA,32.4754,131.1043,519,200,宮崎県,KiK-net11B,
KiK-net,MYZH04,諸塚,MOROTSUKA,32.5181,131.3349,250,100,宮崎県,KiK-net11C,
KiK-net,MYZH05,南郷,NANGO,32.3470,131.2668,353,100,宮崎県,KiK-net18,
KiK-net,MYZH06,東郷,TOGO,32.3607,131.4643,100,100,宮崎県,KiK-net11C,
KiK-net,MYZH07,西米良,NISHIMERA,32.1987,131.1946,235,100,宮崎県,KiK-net18,
KiK-net,MYZH08,川南,KAWAMINAMI,32.2132,131.5309,68,214,宮崎県,KiK-net18,
KiK-net,MYZH09,須木,SUKI,32.0421,131.0618,335,100,宮崎県,KiK-net11C,
KiK-net,MYZH10,国富,KUNITOMI,32.0215,131.2900,80,100,宮崎県,KiK-net18,
KiK-net,MYZH11,佐土原,SADOWARA,32.0208,131.4700,12,212,宮崎県,KiK-net11C,
KiK-net,MYZH12,都城北,MIYAKONOJO-N,31.8643,130.9454,525,101,宮崎県,KiK-net18,
KiK-net,MYZH13,都城南,MIYAKONOJO-S,31.7301,131.0791,152,117,宮崎県,KiK-net11C,
KiK-net,MYZH14,日南,NICHINAN,31.5649,131.3510,5,201,宮崎県,KiK-net18,
KiK-net,MYZH15,日向,HYUGA,32.3654,131.5893,170,200,宮崎県,KiK-net11C,
KiK-net,MYZH16,延岡,NOBEOKA,32.5060,131.6958,2,100,宮崎県,KiK-net18,
K-NET,NAR001,生駒,IKOMA,34.7153,135.7276,149,-,奈良県,K-NET11A,
K-NET,NAR002,奈良,NARA,34.6682,135.8353,93,-,奈良県,K-NET11A,
K-NET,NAR003,大和高田,YAMATOTAKADA,34.5171,135.7171,67,-,奈良県,K-NET11A,
K-NET,NAR004,榛原,HAIBARA,34.5277,135.9511,308,-,奈良県,K-NET11A,
K-NET,NAR005,五條,GOJO,34.3414,135.6844,97,-,奈良県,K-NET11A,
K-NET,NAR006,川上,KAWAKAMI,34.3384,135.9545,341,-,奈良県,K-NET11A,
K-NET,NAR007,大塔,OHTO,34.2214,135.7368,762,-,奈良県,K-NET11A,
K-NET,NAR008,上北山,KAMIKITAYAMA,34.1369,136.0063,332,-,奈良県,K-NET11A,
K-NET,NAR009,十津川,TOTSUKAWA,33.9396,135.7530,198,-,奈良県,K-NET11A,
KiK-net,NARH01,十津川西,TOTSUKAWA-W,33.9666,135.6489,780,99,奈良県,KiK-net11A,
KiK-net,NARH02,十津川東,TOTSUKAWA-E,33.9692,135.8574,480,100,奈良県,KiK-net11A,
KiK-net,NARH03,川上,KAWAKAMI,34.2925,136.0022,358,101,奈良県,KiK-net11A,
KiK-net,NARH04,黒滝,KUROTAKI,34.3061,135.8369,387,101,奈良県,KiK-net11A,
KiK-net,NARH05,東吉野,HIGASHIYOSHINO,34.4237,136.0294,390,101,奈良県,KiK-net11A,
KiK-net,NARH06,山添,YAMAZOE,34.6413,136.0512,277,101,奈良県,KiK-net11A,
KiK-net,NARH07,天理,TENRI,34.5843,135.8541,130,100,奈良県,KiK-net11B,
K-NET,NGN001,飯山,IIYAMA,36.8513,138.3657,315,-,長野県,K-NET18,
K-NET,NGN002,信濃,SHINANO,36.8068,138.2069,677,-,長野県,K-NET11A,
K-NET,NGN003,山ノ内,YAMANOUCHI,36.7400,138.4137,589,-,長野県,K-NET11A,
K-NET,NGN004,長野,NAGANO,36.6475,138.1941,361,-,長野県,K-NET11A,
K-NET,NGN005,白馬,HAKUBA,36.6987,137.8630,702,-,長野県,K-NET11A,
K-NET,NGN006,大町,OHMACHI,36.5084,137.8514,733,-,長野県,K-NET11A,
K-NET,NGN007,杭瀬下,KUISEKE,36.5344,138.1188,360,-,長野県,K-NET11A,
K-NET,NGN008,上田,UEDA,36.4018,138.2483,456,-,長野県,K-NET11A,
K-NET,NGN009,穂高,HOTAKA,36.3371,137.8718,562,-,長野県,K-NET11A,
K-NET,NGN010,小諸,KOMORO,36.3282,138.4349,738,-,長野県,K-NET11A,
K-NET,NGN011,長門,NAGATO,36.2718,138.2584,630,-,長野県,K-NET11A,
K-NET,NGN012,松本,MATSUMOTO,36.2571,137.9796,637,-,長野県,K-NET11A,
K-NET,NGN013,安曇,AZUMI,36.1827,137.7850,733,-,長野県,K-NET11A,
K-NET,NGN014,小海,KOUMI,36.0956,138.4839,855,-,長野県,K-NET11A,
K-NET,NGN015,諏訪,SUWA,36.0451,138.1114,761,-,長野県,K-NET11A,
K-NET,NGN016,富士見,FUJIMI,35.9133,138.2229,965,-,長野県,K-NET11A,
K-NET,NGN017,楢川,NARAKAWA,35.9749,137.8259,916,-,長野県,K-NET11A,
K-NET,NGN018,王滝,OTAKI,35.8129,137.5298,1012,-,長野県,K-NET11A,
K-NET,NGN019,木曽福島,KISOFUKUSHIMA,35.8561,137.7080,789,-,長野県,K-NET11A,
K-NET,NGN020,伊那,INA,35.8278,137.9548,633,-,長野県,K-NET11A,
K-NET,NGN021,駒ヶ根,KOMAGANE,35.7293,137.9336,677,-,長野県,K-NET11A,
K-NET,NGN022,南木曽,NAGISO,35.6053,137.6126,453,-,長野県,K-NET11A,
K-NET,NGN023,大鹿,OHSHIKA,35.5775,138.0338,673,-,長野県,K-NET11A,
K-NET,NGN024,飯田,IIDA,35.5232,137.8382,536,-,長野県,K-NET11A,
K-NET,NGN025,天龍,TENRYU,35.2864,137.8571,318,-,長野県,K-NET11A,
KiK-net,NGNH03,阿智2,ACHI2,35.4786,137.7346,870,165,長野県,KiK-net18,
KiK-net,NGNH07,中野,NAKANO,36.7434,138.3760,378,200,長野県,KiK-net18,
KiK-net,NGNH08,三郷,MISATO,36.2541,137.8591,668,250,長野県,KiK-net18,
KiK-net,NGNH09,武石,TAKESHI,36.2859,138.2491,605,100,長野県,KiK-net18,
KiK-net,NGNH10,木祖,KISO,35.9632,137.7669,960,104,長野県,KiK-net18,
KiK-net,NGNH11,富士見,FUJIMI,35.9157,138.3052,1238,206,長野県,KiK-net11C,
KiK-net,NGNH12,南牧,MINAMIMAKI,35.9696,138.4797,1320,206,長野県,KiK-net18,
KiK-net,NGNH13,喬木,TAKAGI,35.5143,137.8767,423,124,長野県,KiK-net11C,
KiK-net,NGNH14,平谷,HIRAYA,35.3095,137.6261,960,101,長野県,KiK-net11C,
KiK-net,NGNH15,辰野,TATSUNO,36.0088,137.9305,820,100,長野県,KiK-net11C,
KiK-net,NGNH16,茅野,CHINO,35.9465,138.1848,870,247,長野県,KiK-net11C,
KiK-net,NGNH17,佐久,SAKU,36.1425,138.5504,860,100,長野県,KiK-net11A,
KiK-net,NGNH18,開田,KAIDA,35.9324,137.5950,1150,100,長野県,KiK-net18,
KiK-net,NGNH19,川上,KAWAKAMI,35.9735,138.5845,1190,115,長野県,KiK-net18,
KiK-net,NGNH20,上松,AGEMATSU,35.7870,137.7173,895,100,長野県,KiK-net18,
KiK-net,NGNH21,伊那,INA,35.8315,137.9236,770,181,長野県,KiK-net11C,
KiK-net,NGNH22,長谷,HASE,35.7946,138.0824,820,100,長野県,KiK-net18,
KiK-net,NGNH23,南木曽,NAGISO,35.6056,137.6105,430,102,長野県,KiK-net18,
KiK-net,NGNH24,松川,MATSUKAWA,35.6152,137.8797,715,107,長野県,KiK-net18,
KiK-net,NGNH25,南信濃,MINAMISHINANO,35.2986,137.9268,430,102,長野県,KiK-net18,
KiK-net,NGNH26,上山田,KAMIYAMADA,36.4663,138.1474,395,103,長野県,KiK-net18,
KiK-net,NGNH27,信州新,SHINSHUSHIN,36.5770,138.0479,505,102,長野県,KiK-net18,
KiK-net,NGNH28,戸隠,TOGAKUSHI,36.7075,138.0964,935,120,長野県,KiK-net18,
KiK-net,NGNH29,野沢温泉,NOZAWAONSEN,36.9102,138.4408,570,110,長野県,KiK-net18,
KiK-net,NGNH30,奈川,NAGAWA,36.0640,137.6849,1095,101,長野県,KiK-net18,
KiK-net,NGNH31,塩尻,SHIOJIRI,36.1184,137.9389,720,218,長野県,KiK-net11C,
KiK-net,NGNH32,松本,MATSUMOTO,36.2578,137.9898,640,100,長野県,KiK-net18,
KiK-net,NGNH33,生坂,IKUSAKA,36.4598,137.9637,490,106,長野県,KiK-net18,
KiK-net,NGNH34,大町中,OHMACHI-C,36.5327,137.8201,825,106,長野県,KiK-net18,
KiK-net,NGNH35,穂高,HOTAKA,36.3824,137.8201,720,105,長野県,KiK-net11C,
KiK-net,NGNH36,白馬,HAKUBA,36.6984,137.8482,725,629,長野県,KiK-net18,
KiK-net,NGNH37,御代田,MIYOTA,36.3308,138.4967,845,709,長野県,KiK-net18,
KiK-net,NGNH54,飯田,IIDA,35.4489,138.0058,1168,104,長野県,KiK-net18,
K-NET,NGS001,平戸,HIRADO,33.3617,129.5377,134,-,長崎県,K-NET18,
K-NET,NGS002,松浦,MATSUURA,33.3442,129.7056,3,-,長崎県,K-NET18,
K-NET,NGS003,志々伎,SHIJIKI,33.2016,129.4124,25,-,長崎県,K-NET18,
K-NET,NGS004,佐世保,SASEBO,33.1810,129.7173,24,-,長崎県,K-NET18,
K-NET,NGS005,東彼杵,HIGASHISONOGI,33.0370,129.9173,3,-,長崎県,K-NET18,
K-NET,NGS006,大瀬戸,OHSETO,32.9330,129.6436,23,-,長崎県,K-NET18,
K-NET,NGS007,琴海,KINKAI,32.9062,129.7804,5,-,長崎県,K-NET18,
K-NET,NGS008,小長井,KONAGAI,32.9233,130.1846,7,-,長崎県,K-NET18,
K-NET,NGS009,諫早,ISAHAYA,32.8457,130.0216,25,-,長崎県,K-NET18,
K-NET,NGS010,長崎,NAGASAKI,32.7351,129.8765,77,-,長崎県,K-NET18,
K-NET,NGS011,千々石,CHIJIWA,32.7843,130.2023,38,-,長崎県,K-NET18,
K-NET,NGS012,島原,SHIMABARA,32.7883,130.3463,100,-,長崎県,K-NET18,
K-NET,NGS013,野母崎,NOMOZAKI,32.5810,129.7597,5,-,長崎県,K-NET18,
K-NET,NGS014,口之津,KUCHINOTSU,32.6104,130.1851,2,-,長崎県,K-NET18,
K-NET,NGS015,宇久,UKU,33.2557,129.1256,56,-,長崎県,K-NET18,
K-NET,NGS016,若松,WAKAMATSU,32.8876,129.0213,4,-,長崎県,K-NET18,
K-NET,NGS017,福江,FUKUE,32.6693,128.8432,112,-,長崎県,K-NET18,
K-NET,NGS018,玉之浦,TAMANOURA,32.6340,128.6205,13,-,長崎県,K-NET18,
K-NET,NGS019,大村,OHMURA,32.9003,129.9583,2,-,長崎県,K-NET18,
K-NET,NGS020,上対馬,KAMITSUSHIMA,34.6551,129.4591,13,-,長崎県,K-NET18,
K-NET,NGS021,豊玉,TOYOTAMA,34.3971,129.3239,10,-,長崎県,K-NET18,
K-NET,NGS022,国分,KOKUBU,34.2031,129.2874,8,-,長崎県,K-NET18,
K-NET,NGS023,郷ノ浦,GONOURA,33.7500,129.6910,41,-,長崎県,K-NET18,
KiK-net,NGSH01,平戸,HIRADO,33.2116,129.4353,30,207,長崎県,KiK-net18,
KiK-net,NGSH02,佐世保北,SASEBO-N,33.2122,129.7652,140,112,長崎県,KiK-net18,
KiK-net,NGSH03,佐世保南,SASEBO-S,33.1256,129.8102,10,200,長崎県,KiK-net18,
KiK-net,NGSH04,琴海,KINKAI,32.9553,129.8026,3,100,長崎県,KiK-net18,
KiK-net,NGSH05,高来,TAKAKI,32.9103,130.1408,29,200,長崎県,KiK-net18,
KiK-net,NGSH06,長崎,NAGASAKI,32.6999,129.8625,155,200,長崎県,KiK-net18,
K-NET,NIG001,岩谷口,IWAYAGUCHI,38.2570,138.4318,6,-,新潟県,K-NET11A,
K-NET,NIG002,両津,RYOTSU,38.0748,138.4407,3,-,新潟県,K-NET11A,
K-NET,NIG003,佐和田,SAWATA,37.9977,138.3231,4,-,新潟県,K-NET11A,
K-NET,NIG004,小木,OGI,37.8200,138.2788,42,-,新潟県,K-NET11A,
K-NET,NIG005,松ヶ崎,MATSUGASAKI,37.9207,138.4971,3,-,新潟県,K-NET11A,
K-NET,NIG006,寒川,KANGAWA,38.4514,139.4963,4,-,新潟県,K-NET11A,
K-NET,NIG007,村上,MURAKAMI,38.2306,139.4863,10,-,新潟県,K-NET11A,
K-NET,NIG008,中条,NAKAJO,38.0514,139.4086,23,-,新潟県,K-NET11A,
K-NET,NIG009,新発田,SHIBATA,37.9510,139.3377,11,-,新潟県,K-NET11A,
K-NET,NIG010,新潟,NIIGATA,37.9144,139.0107,7,-,新潟県,K-NET11B,
K-NET,NIG011,新津,NIITSU,37.8012,139.1457,8,-,新潟県,K-NET11C,
K-NET,NIG012,鹿瀬,KANOSE,37.6863,139.4771,70,-,新潟県,K-NET11B,
K-NET,NIG013,巻,MAKI,37.7634,138.8830,7,-,新潟県,K-NET11B,
K-NET,NIG014,三条,SANJO,37.6412,138.9553,9,-,新潟県,K-NET11C,
K-NET,NIG015,村松,MURAMATSU,37.6938,139.1884,34,-,新潟県,K-NET11C,
K-NET,NIG016,寺泊,TERADOMARI,37.6458,138.7730,32,-,新潟県,K-NET11B,
K-NET,NIG017,長岡,NAGAOKA,37.4410,138.8425,21,-,新潟県,K-NET11C,
K-NET,NIG018,柏崎,KASHIWAZAKI,37.3727,138.5583,10,-,新潟県,K-NET11B,
K-NET,NIG019,小千谷,OJIYA,37.3043,138.8121,65,-,新潟県,K-NET11C,
K-NET,NIG020,小出,KOIDE,37.2348,138.9621,93,-,新潟県,K-NET11C,
K-NET,NIG021,十日町,TOKAMACHI,37.2011,138.7783,109,-,新潟県,K-NET11C,
K-NET,NIG022,塩沢,SHIOZAWA,37.0366,138.8461,182,-,新潟県,K-NET11C,
K-NET,NIG023,津南,TSUNAN,37.0134,138.6546,245,-,新潟県,K-NET11C,
K-NET,NIG024,安塚,YASUZUKA,37.1274,138.4442,83,-,新潟県,K-NET11C,
K-NET,NIG025,直江津,NAOETSU,37.1610,138.2234,11,-,新潟県,K-NET11B,
K-NET,NIG026,新井,ARAI,37.0224,138.2506,70,-,新潟県,K-NET11B,
K-NET,NIG027,糸魚川,ITOIGAWA,37.0235,137.8613,107,-,新潟県,K-NET11B,
K-NET,NIG028,長岡支所,NAGAOKA-SHISHO,37.4257,138.8856,86,-,新潟県,K-NET11C,
KiK-net,NIGH01,長岡,NAGAOKA,37.4272,138.8876,85,100,新潟県,KiK-net11A,
KiK-net,NIGH02,朝日,ASAHI,38.2799,139.5486,34,105,新潟県,KiK-net18,
KiK-net,NIGH03,荒川,ARAKAWA,38.1327,139.4289,6,221,新潟県,KiK-net18,
KiK-net,NIGH04,関川,SEKIKAWA,38.1313,139.5428,78,100,新潟県,KiK-net18,
KiK-net,NIGH05,聖籠,SEIRO,37.9759,139.2788,7,147,新潟県,KiK-net18,
KiK-net,NIGH06,加茂,KAMO,37.6527,139.0676,30,100,新潟県,KiK-net18,
KiK-net,NIGH07,村松,MURAMATSU,37.6658,139.2610,75,107,新潟県,KiK-net18,
KiK-net,NIGH08,津川,TSUGAWA,37.6708,139.4648,68,300,新潟県,KiK-net18,
KiK-net,NIGH09,下田,SHITADA,37.5386,139.1279,93,100,新潟県,KiK-net18,
KiK-net,NIGH10,上川,KAMIKAWA,37.5438,139.3648,218,100,新潟県,KiK-net18,
KiK-net,NIGH11,川西,KAWANISHI,37.1728,138.7440,165,205,新潟県,KiK-net18,
KiK-net,NIGH12,湯之谷,YUNOTANI,37.2239,138.9821,110,110,新潟県,KiK-net11C,
KiK-net,NIGH13,牧,MAKI,37.0544,138.3966,230,100,新潟県,KiK-net18,
KiK-net,NIGH14,塩沢,SHIOZAWA,37.0303,138.8521,185,387,新潟県,KiK-net18,
KiK-net,NIGH15,六日,MUIKA,37.0533,138.9951,358,100,新潟県,KiK-net18,
KiK-net,NIGH16,糸魚川,ITOIGAWA,36.9378,137.8480,149,100,新潟県,KiK-net18,
KiK-net,NIGH17,妙高高原,MYOKO-KOGEN,36.8569,138.0966,1305,150,新潟県,KiK-net18,
KiK-net,NIGH18,妙高,MYOKO,36.9425,138.2594,240,110,新潟県,KiK-net18,
KiK-net,NIGH19,湯沢,YUZAWA,36.8114,138.7849,985,100,新潟県,KiK-net11C,
KiK-net,NMRH01,標津北,SHIBETSU-N,43.7850,145.0246,80,111,北海道,KiK-net18,
KiK-net,NMRH02,標津南,SHIBETSU-S,43.6772,144.9618,165,103,北海道,KiK-net18,
KiK-net,NMRH03,中標津,NAKASHIBETSU,43.5508,144.9665,30,228,北海道,KiK-net11B,
KiK-net,NMRH04,別海東,BEKKAI-E,43.3978,145.1224,30,216,北海道,KiK-net11A,
KiK-net,NMRH05,別海西,BEKKAI-W,43.3900,144.8021,92,220,北海道,KiK-net18,
K-NET,OIT001,国見,KUNIMI,33.6788,131.5949,7,-,大分県,K-NET11A,
K-NET,OIT002,中津,NAKATSU,33.5691,131.2675,8,-,大分県,K-NET11A,
K-NET,OIT003,豊後高田,BUNGOTAKADA,33.5575,131.4460,5,-,大分県,K-NET11A,
K-NET,OIT004,国東,KUNISAKI,33.5659,131.7316,4,-,大分県,K-NET11A,
K-NET,OIT005,耶馬渓,YABAKEI,33.4524,131.1142,113,-,大分県,K-NET11A,
K-NET,OIT006,院内,INNAI,33.4211,131.3173,91,-,大分県,K-NET11A,
K-NET,OIT007,杵築,KITSUKI,33.4169,131.6142,21,-,大分県,K-NET11A,
K-NET,OIT008,天瀬,AMAGASE,33.2548,131.0197,189,-,大分県,K-NET11A,
K-NET,OIT009,湯布院,YUFUIN,33.2568,131.3443,455,-,大分県,K-NET11A,
K-NET,OIT010,大分,OHITA,33.2317,131.5934,7,-,大分県,K-NET11A,
K-NET,OIT011,佐賀関,SAGANOSEKI,33.2468,131.8816,8,-,大分県,K-NET11A,
K-NET,OIT012,直入,NAOIRI,33.0666,131.3729,460,-,大分県,K-NET11A,
K-NET,OIT013,犬飼,INUKAI,33.0727,131.5934,85,-,大分県,K-NET11A,
K-NET,OIT014,津久見,TSUKUMI,33.0656,131.8588,8,-,大分県,K-NET11A,
K-NET,OIT015,竹田,TAKEDA,32.9733,131.3998,267,-,大分県,K-NET11A,
K-NET,OIT016,佐伯,SAIKI,32.9748,131.9030,2,-,大分県,K-NET11A,
K-NET,OIT017,宇目,UME,32.8579,131.6576,251,-,大分県,K-NET11A,
K-NET,OIT018,蒲江,KAMAE,32.7980,131.9255,12,-,大分県,K-NET11A,
KiK-net,OITH01,山国,YAMAGUNI,33.4122,131.0326,249,200,大分県,KiK-net11B,
KiK-net,OITH02,山香,YAMAGA,33.4581,131.4429,165,100,大分県,KiK-net11B,
KiK-net,OITH03,安岐,AKI,33.4736,131.6856,35,400,大分県,KiK-net18,
KiK-net,OITH04,庄内,SHONAI,33.1306,131.3473,500,230,大分県,KiK-net11B,
KiK-net,OITH05,野津原,NOTSUHARA,33.1525,131.5420,160,100,大分県,KiK-net11B,
KiK-net,OITH06,竹田,TAKETA,32.9726,131.3984,260,103,大分県,KiK-net11B,
KiK-net,OITH07,三重,MIE,32.9870,131.5881,160,101,大分県,KiK-net11B,
KiK-net,OITH08,宇目西,UME-W,32.8392,131.5357,260,101,大分県,KiK-net11C,
KiK-net,OITH09,宇目東,UME-E,32.8486,131.6786,190,100,大分県,KiK-net18,
KiK-net,OITH10,佐伯,SAIKI,32.9278,131.8695,80,100,大分県,KiK-net11A,
KiK-net,OITH11,九重,KOKONOE,33.2844,131.2118,460,160,大分県,KiK-net11B,
K-NET,OKN001,国頭,KUNIGAMI,26.7402,128.1736,7,-,沖縄県,K-NET18,
K-NET,OKN002,名護,NAGO,26.5916,127.9767,3,-,沖縄県,K-NET18,
K-NET,OKN003,具志川,GUSHIKAWA,26.3800,127.8572,10,-,沖縄県,K-NET18,
K-NET,OKN004,那覇,NAHA,26.2497,127.6786,3.5,-,沖縄県,K-NET18,
K-NET,OKN005,知念,CHINEN,26.1686,127.8267,73.3,-,沖縄県,K-NET18,
K-NET,OKN006,久米島,KUMEJIMA,26.3497,126.7479,30,-,沖縄県,K-NET18,
K-NET,OKN007,狩俣,KARIMATA,24.8530,125.2964,14,-,沖縄県,K-NET18,
K-NET,OKN008,城辺,GUSUKUBE,24.7558,125.3864,70,-,沖縄県,K-NET18,
K-NET,OKN009,新栄,SHINEI,24.3413,124.1526,3,-,沖縄県,K-NET18,
K-NET,OKN010,伊原間,IBARUMA,24.5088,124.2820,10,-,沖縄県,K-NET18,
K-NET,OKN011,上原,UEHARA,24.4324,123.7798,20,-,沖縄県,K-NET18,
K-NET,OKY001,湯原,YUBARA,35.1702,133.7311,316,-,岡山県,K-NET11A,
K-NET,OKY002,加茂,KAMO,35.1785,134.0505,233,-,岡山県,K-NET11A,
K-NET,OKY003,西粟倉,NISHIAWAKURA,35.1732,134.3346,320,-,岡山県,K-NET11A,
K-NET,OKY004,新見,NIIMI,34.9586,133.5018,165,-,岡山県,K-NET11A,
K-NET,OKY005,落合,OCHIAI,35.0096,133.7318,134,-,岡山県,K-NET11A,
K-NET,OKY006,津山,TSUYAMA,35.0685,134.0054,96,-,岡山県,K-NET11A,
K-NET,OKY007,高梁,TAKAHASHI,34.7805,133.6104,60,-,岡山県,K-NET11A,
K-NET,OKY008,建部,TAKEBE,34.8688,133.9039,62,-,岡山県,K-NET11A,
K-NET,OKY009,吉井,YOSHII,34.9185,134.0931,49,-,岡山県,K-NET11A,
K-NET,OKY010,備前,BIZEN,34.7228,134.1229,8,-,岡山県,K-NET11A,
K-NET,OKY011,岡山,OKAYAMA,34.6554,133.9075,2,-,岡山県,K-NET11A,
K-NET,OKY012,倉敷,KURASHIKI,34.5897,133.7540,3,-,岡山県,K-NET11A,
K-NET,OKY013,笠岡,KASAOKA,34.5094,133.5090,9,-,岡山県,K-NET11A,
K-NET,OKY014,下津井,SHIMOTSUI,34.4483,133.7870,48,-,岡山県,K-NET11A,
K-NET,OKY015,上斎原,KAMISAIBARA,35.2793,133.9260,473,-,岡山県,K-NET11A,
KiK-net,OKYH01,玉野,TAMANO,34.5070,133.8905,10,201,岡山県,KiK-net11A,
KiK-net,OKYH02,瀬戸,SETO,34.7501,134.0702,30,200,岡山県,KiK-net11A,
KiK-net,OKYH03,岡山,OKAYAMA,34.7783,133.7890,100,201,岡山県,KiK-net11A,
KiK-net,OKYH04,真備,MABI,34.6429,133.6861,50,100,岡山県,KiK-net11A,
KiK-net,OKYH05,建部,TAKEBE,34.8684,133.8527,320,100,岡山県,KiK-net11A,
KiK-net,OKYH06,美星,BISEI,34.6756,133.5283,385,100,岡山県,KiK-net11A,
KiK-net,OKYH07,神郷,SHINGO,35.0493,133.3169,564,100,岡山県,KiK-net18,
KiK-net,OKYH08,哲多,TETTA,34.9103,133.4055,430,100,岡山県,KiK-net11A,
KiK-net,OKYH09,湯原,YUBARA,35.1809,133.6765,405,100,岡山県,KiK-net11A,
KiK-net,OKYH10,上斎原,KAMISAIBARA,35.2826,133.9263,495,200,岡山県,KiK-net11A,
KiK-net,OKYH11,勝央,SHOO,35.0732,134.1162,129,201,岡山県,KiK-net11A,
KiK-net,OKYH12,大原,OHARA,35.0999,134.3190,280,201,岡山県,KiK-net11A,
KiK-net,OKYH13,日生,HINASE,34.7283,134.2744,3,103,岡山県,KiK-net18,
KiK-net,OKYH14,北房,HOKUBO,34.9363,133.6205,218,100,岡山県,KiK-net18,
K-NET,OSK001,能勢,NOSE,34.9688,135.3960,215,-,大阪府,K-NET11A,
K-NET,OSK002,高槻,TAKATSUKI,34.8572,135.5958,34,-,大阪府,K-NET11A,
K-NET,OSK003,豊中,TOYONAKA,34.7668,135.4684,4,-,大阪府,K-NET11A,
K-NET,OSK004,四條畷,SHIJONAWATE,34.7407,135.6396,15,-,大阪府,K-NET11A,
K-NET,OSK005,大阪,OHSAKA,34.7256,135.5101,4,-,大阪府,K-NET11A,
K-NET,OSK006,堺,SAKAI,34.5894,135.4710,1,-,大阪府,K-NET11A,
K-NET,OSK007,羽曳野,HABIKINO,34.5575,135.6060,31,-,大阪府,K-NET11A,
K-NET,OSK008,岸和田,KISHIWADA,34.4404,135.3918,36,-,大阪府,K-NET11A,
K-NET,OSK009,河内長野,KAWACHINAGANO,34.4364,135.5805,207,-,大阪府,K-NET11A,
K-NET,OSK010,泉南,SENNAN,34.3744,135.2553,3,-,大阪府,K-NET11A,
KiK-net,OSKH01,田尻,TAJIRI,34.3977,135.2836,5,1505,大阪府,KiK-net18,
KiK-net,OSKH02,此花,KONOHANA,34.6628,135.3896,7,2008,大阪府,KiK-net11A,
KiK-net,OSKH03,太子,TAISHI,34.5248,135.6608,129,100,大阪府,KiK-net11A,
KiK-net,OSKH04,交野,KATANO,34.7630,135.7052,240,200,大阪府,KiK-net11A,
KiK-net,OSKH05,大阪,OSAKA,34.7159,135.5199,1,982,大阪府,KiK-net18,
KiK-net,OSMH01,知内,SHIRIUCHI,41.5977,140.4207,5,150,北海道,KiK-net18,
KiK-net,OSMH02,上磯,KAMIISO,41.8374,140.6331,10,360,北海道,KiK-net11A,
KiK-net,RMIH01,幌延,HORONOBE,45.0167,142.0795,30,100,北海道,KiK-net18,
KiK-net,RMIH02,天塩,TESHIO,44.8948,141.9251,10,107,北海道,KiK-net18,
KiK-net,RMIH03,遠別,EMBETSU,44.6359,141.8187,20,209,北海道,KiK-net18,
KiK-net,RMIH04,小平東,OBIRA-E,44.0974,141.9621,102,100,北海道,KiK-net18,
KiK-net,RMIH05,小平西,OBIRA-W,44.0254,141.7876,21,105,北海道,KiK-net18,
K-NET,SAG001,鎮西,CHINZEI,33.5274,129.8772,40,-,佐賀県,K-NET18,
K-NET,SAG002,唐津,KARATSU,33.4228,129.9192,208,-,佐賀県,K-NET18,
K-NET,SAG003,富士,FUJI,33.3732,130.2081,187,-,佐賀県,K-NET18,
K-NET,SAG004,伊万里,IMARI,33.2649,129.8813,32,-,佐賀県,K-NET18,
K-NET,SAG005,厳木,KYURAGI,33.3213,130.0645,47,-,佐賀県,K-NET18,
K-NET,SAG006,武雄,TAKEO,33.1917,130.0317,9,-,佐賀県,K-NET18,
K-NET,SAG007,佐賀,SAGA,33.2626,130.3005,4,-,佐賀県,K-NET18,
K-NET,SAG008,鹿島,KASHIMA,33.1041,130.0998,7,-,佐賀県,K-NET18,
KiK-net,SAGH01,鎮西,CHINZEI,33.5080,129.8877,118,200,佐賀県,KiK-net18,
KiK-net,SAGH02,伊万里,IMARI,33.2656,129.8798,31,103,佐賀県,KiK-net11A,
KiK-net,SAGH03,富士,FUJI,33.4098,130.2329,375,103,佐賀県,KiK-net18,
KiK-net,SAGH04,東脊振,HIGASHISEFURI,33.3654,130.4046,55,200,佐賀県,KiK-net18,
KiK-net,SAGH05,白石,SHIROISHI,33.1806,130.1046,18,203,佐賀県,KiK-net18,
KiK-net,SBSH01,古平,FURUBIRA,43.2341,140.6228,28,100,北海道,KiK-net18,
KiK-net,SBSH02,泊,TOMARI,43.0527,140.5017,25,100,北海道,KiK-net18,
KiK-net,SBSH03,赤井川,AKAIGAWA,43.0842,140.8199,145,220,北海道,KiK-net11B,
KiK-net,SBSH04,共和,KYOWA,42.9758,140.6219,20,200,北海道,KiK-net18,
KiK-net,SBSH05,倶知安,KUCCHAN,42.9500,140.8223,240,100,北海道,KiK-net18,
KiK-net,SBSH06,蘭越,RANKOSHI,42.8309,140.4831,39,130,北海道,KiK-net18,
KiK-net,SBSH07,真狩,MAKKARI,42.7630,140.8084,228,100,北海道,KiK-net18,
KiK-net,SBSH08,喜茂別,KIMOBETSU,42.7680,140.9766,285,100,北海道,KiK-net18,
KiK-net,SBSH09,黒松内,KUROMATSUNAI,42.6104,140.4841,140,100,北海道,KiK-net11B,
KiK-net,SBSH10,島牧,SHIMAMAKI,42.7797,140.1557,32,100,北海道,KiK-net11B,
K-NET,SIG001,余呉,YOGO,35.5399,136.2066,141,-,滋賀県,K-NET11A,
K-NET,SIG002,今津,IMAZU,35.4214,136.0243,95,-,滋賀県,K-NET11A,
K-NET,SIG003,長浜,NAGAHAMA,35.3773,136.2642,86,-,滋賀県,K-NET11A,
K-NET,SIG004,朽木,KUTSUKI,35.3474,135.9187,187,-,滋賀県,K-NET11A,
K-NET,SIG005,彦根,HIKONE,35.2499,136.2414,92,-,滋賀県,K-NET11A,
K-NET,SIG006,志賀,SHIGA,35.2002,135.9210,105,-,滋賀県,K-NET11A,
K-NET,SIG007,近江八幡,OMIHACHIMAN,35.1339,136.0957,90,-,滋賀県,K-NET11A,
K-NET,SIG008,永源寺,EIGENJI,35.0704,136.2946,220,-,滋賀県,K-NET11A,
K-NET,SIG009,甲西,KOSEI,35.0052,136.0841,134,-,滋賀県,K-NET11A,
K-NET,SIG010,大津,OHTSU,34.9719,135.8965,111,-,滋賀県,K-NET11A,
K-NET,SIG011,信楽,SHIGARAKI,34.8781,136.0591,283,-,滋賀県,K-NET11A,
K-NET,SIG012,甲賀,KOGA,34.9018,136.2324,225,-,滋賀県,K-NET11A,
KiK-net,SIGH01,多賀,TAGA,35.2383,136.3599,610,100,滋賀県,KiK-net18,
KiK-net,SIGH02,大津,OHTSU,35.2482,135.8671,305,100,滋賀県,KiK-net11A,
KiK-net,SIGH03,信楽,SHIGARAKI,34.8530,136.0316,360,200,滋賀県,KiK-net11A,
KiK-net,SIGH04,日野,HINO,34.9638,136.2610,320,200,滋賀県,KiK-net11A,
K-NET,SIT001,本庄,HONJO,36.2431,139.1938,48,-,埼玉県,K-NET11A,
K-NET,SIT002,熊谷,KUMAGAYA,36.1478,139.3888,28,-,埼玉県,K-NET11A,
K-NET,SIT003,久喜,KUKI,36.0721,139.6969,8,-,埼玉県,K-NET11A,
K-NET,SIT004,長瀞,NAGATORO,36.1178,139.1044,144,-,埼玉県,K-NET11A,
K-NET,SIT005,小川,OGAWA,36.0563,139.2626,90,-,埼玉県,K-NET11A,
K-NET,SIT006,秩父,CHICHIBU,35.9959,139.0713,211,-,埼玉県,K-NET11A,
K-NET,SIT007,東松山,HIGASHIMATSUYAMA,36.0542,139.3933,26,-,埼玉県,K-NET11A,
K-NET,SIT008,春日部,KASUKABE,35.9829,139.7456,7,-,埼玉県,K-NET11A,
K-NET,SIT009,川越,KAWAGOE,35.9033,139.4826,23,-,埼玉県,K-NET11A,
K-NET,SIT010,大宮,OHMIYA,35.9071,139.6478,6,-,埼玉県,K-NET11A,
K-NET,SIT011,川口,KAWAGUCHI,35.8098,139.7214,3,-,埼玉県,K-NET11A,
K-NET,SIT012,飯能,HANNO,35.8403,139.3216,87,-,埼玉県,K-NET11A,
K-NET,SIT013,所沢,TOKOROZAWA,35.7966,139.4659,76,-,埼玉県,K-NET11A,
K-NET,SIT014,中津川,NAKATSUGAWA,35.9954,138.8010,746,-,埼玉県,K-NET11A,
KiK-net,SITH01,岩槻,IWATSUKI,35.9290,139.7349,8,3511,埼玉県,KiK-net11A,
KiK-net,SITH03,日高,HIDAKA,35.8990,139.3843,51,1800,埼玉県,KiK-net18,
KiK-net,SITH04,所沢,TOKOROZAWA,35.8028,139.5353,30,2000,埼玉県,KiK-net18,
KiK-net,SITH05,神泉,KAMIIZUMI,36.1509,139.0504,150,100,埼玉県,KiK-net11A,
KiK-net,SITH06,川本,KAWAMOTO,36.1131,139.2894,80,200,埼玉県,KiK-net11A,
KiK-net,SITH07,名栗,NAGURI,35.9118,139.1485,340,102,埼玉県,KiK-net11B,
KiK-net,SITH08,小鹿野,OGANO,36.0274,138.9691,295,100,埼玉県,KiK-net11A,
KiK-net,SITH09,皆野,MINANO,36.0715,139.0993,165,122,埼玉県,KiK-net11B,
KiK-net,SITH10,都幾川,TOKIGAWA,35.9964,139.2191,180,102,埼玉県,---,休止
KiK-net,SITH11,飯能,HANNO,35.8637,139.2726,155,102,埼玉県,KiK-net11A,
KiK-net,SITH12,都幾川2,TOKIGAWA2,35.9969,139.2194,182,100,埼玉県,KiK-net18,
K-NET,SMN001,美保関,MIHONOSEKI,35.5371,133.1614,2,-,島根県,K-NET11A,
K-NET,SMN002,松江,MATSUE,35.4713,133.0681,3,-,島根県,K-NET11A,
K-NET,SMN003,横田,YOKOTA,35.1798,133.0934,333,-,島根県,K-NET11A,
K-NET,SMN004,木次,KISUKI,35.2875,132.9022,46,-,島根県,K-NET11A,
K-NET,SMN005,出雲,IZUMO,35.3608,132.7449,8,-,島根県,K-NET11A,
K-NET,SMN006,大田,OHTA,35.1908,132.4981,36,-,島根県,K-NET11A,
K-NET,SMN007,邑智,OCHI,35.0773,132.5919,79,-,島根県,K-NET11A,
K-NET,SMN008,瑞穂,MIZUHO,34.8521,132.5308,335,-,島根県,K-NET11A,
K-NET,SMN009,江津,GOTSU,35.0117,132.2219,21,-,島根県,K-NET11A,
K-NET,SMN010,浜田,HAMADA,34.8876,132.0757,111,-,島根県,K-NET11A,
K-NET,SMN011,匹見,HIKIMI,34.5722,132.0136,260,-,島根県,K-NET11A,
K-NET,SMN012,六日市,MUIKAICHI,34.3551,131.9354,314,-,島根県,K-NET11A,
K-NET,SMN013,益田,MASUDA,34.6696,131.8461,36,-,島根県,K-NET11A,
K-NET,SMN014,津和野,TSUWANO,34.4668,131.7747,157,-,島根県,K-NET11A,
K-NET,SMN015,広瀬,HIROSE,35.3653,133.1706,34,-,島根県,K-NET11A,
K-NET,SMN016,掛合,KAKEYA,35.1959,132.8144,207,-,島根県,K-NET11A,
K-NET,SMN017,西ノ島,NISHINOSHIMA,36.0930,132.9838,5,-,島根県,K-NET11A,
K-NET,SMN018,都万,TSUMA,36.1969,133.2348,6,-,島根県,K-NET11A,
K-NET,SMN019,布施,FUSE,36.2938,133.3526,7,-,島根県,K-NET11A,
K-NET,SMN020,下宇部尾,SHIMOUBEO,35.5347,133.1651,3,-,島根県,K-NET11A,
KiK-net,SMNH01,伯太,HAKUTA,35.2963,133.2604,170,101,島根県,KiK-net11A,
KiK-net,SMNH02,仁多,NITA,35.2235,133.0856,340,101,島根県,KiK-net11A,
KiK-net,SMNH03,佐田,SADA,35.2243,132.7223,110,101,島根県,KiK-net11A,
KiK-net,SMNH04,邑智,OCHI,35.0918,132.5308,240,101,島根県,KiK-net11A,
KiK-net,SMNH05,羽須美,HASUMI,34.8697,132.6396,165,101,島根県,KiK-net11A,
KiK-net,SMNH06,金城,KANAGI,34.8839,132.2026,260,201,島根県,KiK-net11A,
KiK-net,SMNH07,美都,MITO,34.6940,132.0402,290,209,島根県,KiK-net18,
KiK-net,SMNH08,石見,IWAMI,34.8801,132.4208,300,100,島根県,KiK-net11A,
KiK-net,SMNH09,匹見,HIKIMI,34.5725,132.0122,260,200,島根県,KiK-net11A,
KiK-net,SMNH10,美保関,MIHONOSEKI,35.5579,133.3004,9,200,島根県,KiK-net18,
KiK-net,SMNH11,平田,HIRATA,35.4259,132.8008,30,200,島根県,KiK-net18,
KiK-net,SMNH12,吉田,YOSHIDA,35.1634,132.8558,380,101,島根県,KiK-net18,
KiK-net,SMNH13,江津,GOTSU,35.0087,132.3069,100,100,島根県,KiK-net18,
KiK-net,SMNH14,六日市,MUIKAMACHI,34.3904,131.8925,249,100,島根県,KiK-net18,
KiK-net,SMNH15,鹿島,KASHIMA,35.5232,133.0226,20,102,島根県,KiK-net11A,
KiK-net,SMNH16,加茂,KAMO,35.3422,132.8989,47,100,島根県,KiK-net18,
KiK-net,SOYH01,猿払北,SARUFUTSU-N,45.3346,142.1185,20,100,北海道,KiK-net11A,
KiK-net,SOYH02,猿払南,SARUFUTSU-S,45.2163,142.2254,5,100,北海道,KiK-net18,
KiK-net,SOYH03,稚内西,WAKKANAI-W,45.2531,141.6334,8,137,北海道,KiK-net18,
KiK-net,SOYH04,稚内東,WAKKANAI-E,45.2303,141.8806,30,203,北海道,KiK-net18,
KiK-net,SOYH05,稚内北,WAKKANAI-N,45.4883,141.8850,45,203,北海道,KiK-net11C,
KiK-net,SOYH06,豊富,TOYOTOMI,45.1019,141.7834,15,135,北海道,KiK-net11A,
KiK-net,SOYH07,浜頓別,HAMATOMBETSU,45.1001,142.4307,7,150,北海道,KiK-net18,
KiK-net,SOYH08,中頓別,NAKATOMBETSU,44.9387,142.2247,40,100,北海道,KiK-net18,
KiK-net,SOYH09,歌登北,UTANOBORI-N,44.8570,142.4868,20,100,北海道,KiK-net11C,
KiK-net,SOYH10,歌登南,UTANOBORI-S,44.7433,142.6039,73,100,北海道,KiK-net18,
KiK-net,SRCH01,幌加内北,HOROKANAI-N,44.2803,142.1594,260,101,北海道,KiK-net18,
KiK-net,SRCH02,幌加内中,HOROKANAI-C,44.1160,142.1414,200,101,北海道,KiK-net18,
KiK-net,SRCH03,幌加内南,HOROKANAI-S,43.9994,142.1258,155,100,北海道,KiK-net18,
KiK-net,SRCH04,沼田,NUMATA,43.8203,141.9397,100,105,北海道,KiK-net18,
KiK-net,SRCH05,深川北,FUKAGAWA-N,43.8243,142.1594,200,102,北海道,KiK-net18,
KiK-net,SRCH06,深川南,FUKAGAWA-S,43.6948,142.0776,80,147,北海道,KiK-net11A,
KiK-net,SRCH07,三笠,MIKASA,43.2300,141.8978,75,200,北海道,KiK-net11B,
KiK-net,SRCH08,砂川,SUNAGAWA,43.5138,141.9090,30,122,北海道,KiK-net18,
KiK-net,SRCH09,栗山,KURIYAMA,43.0587,141.8063,30,122,北海道,KiK-net18,
KiK-net,SRCH10,夕張,YUBARI,42.9930,142.0085,195,200,北海道,KiK-net18,
K-NET,SZO001,熱海,ATAMI,35.1425,139.0798,74,-,静岡県,K-NET11A,
K-NET,SZO002,伊東,ITO,34.9653,139.1030,46,-,静岡県,K-NET11A,
K-NET,SZO003,東伊豆,HIGASHIIZU,34.8158,139.0544,149,-,静岡県,K-NET11A,
K-NET,SZO004,南伊豆,MINAMIIZU,34.6471,138.8193,51,-,静岡県,K-NET11A,
K-NET,SZO005,松崎,MATSUZAKI,34.7550,138.7841,4,-,静岡県,K-NET11A,
K-NET,SZO006,土肥,TOI,34.9111,138.7948,10,-,静岡県,K-NET11A,
K-NET,SZO007,修善寺,SHUZENJI,34.9771,138.9468,46,-,静岡県,K-NET11A,
K-NET,SZO008,沼津,NUMAZU,35.1105,138.8436,7,-,静岡県,K-NET11A,
K-NET,SZO009,裾野,SUSONO,35.1972,138.9129,181,-,静岡県,K-NET11A,
K-NET,SZO010,御殿場,GOTEMBA,35.3134,138.9063,537,-,静岡県,K-NET11A,
K-NET,SZO011,富士宮,FUJINOMIYA,35.2129,138.6015,195,-,静岡県,K-NET11A,
K-NET,SZO012,蒲原,KAMBARA,35.1257,138.6222,9,-,静岡県,K-NET11A,
K-NET,SZO013,清水,SHIMIZU,35.0409,138.4765,11,-,静岡県,K-NET11A,
K-NET,SZO014,静岡,SHIZUOKA,34.9649,138.3741,19,-,静岡県,K-NET11A,
K-NET,SZO015,梅ヶ島,UMEGASHIMA,35.2433,138.3410,451,-,静岡県,K-NET11A,
K-NET,SZO016,焼津,YAIZU,34.8564,138.3120,3,-,静岡県,K-NET11A,
K-NET,SZO017,浜岡,HAMAOKA,34.6375,138.1286,9,-,静岡県,K-NET11A,
K-NET,SZO018,榛原,HAIBARA,34.7389,138.2247,3,-,静岡県,K-NET11A,
K-NET,SZO019,掛川,KAKEGAWA,34.7705,137.9989,36,-,静岡県,K-NET11A,
K-NET,SZO020,川根,KAWANE,35.0084,138.1474,270,-,静岡県,K-NET11C,
K-NET,SZO021,本川根,HONKAWANE,35.0978,138.1332,441,-,静岡県,K-NET11A,
K-NET,SZO022,佐久間,SAKUMA,35.0918,137.8127,136,-,静岡県,K-NET11A,
K-NET,SZO023,天竜,TENRYU,34.8736,137.8167,46,-,静岡県,K-NET11A,
K-NET,SZO024,浜松,HAMAMATSU,34.7104,137.7199,29,-,静岡県,K-NET11A,
K-NET,SZO025,湖西,KOSAI,34.7189,137.5318,3,-,静岡県,K-NET11A,
K-NET,SZO026,春野,HARUNO,34.9812,137.8964,133,-,静岡県,K-NET11A,
K-NET,SZO027,西伊豆,NISHIIZU,34.7809,138.7934,14,-,静岡県,K-NET11A,
K-NET,SZO028,川奈,KAWANA,34.9522,139.1379,9,-,静岡県,K-NET11B,
KiK-net,SZOH21,森,MORI,34.8601,137.9426,58,197,静岡県,KiK-net18,
KiK-net,SZOH22,黒俣,KUROMATA,35.0332,138.1979,223,178,静岡県,KiK-net18,
KiK-net,SZOH24,引佐,INASA,34.8343,137.6616,19,300,静岡県,KiK-net11B,
KiK-net,SZOH25,新居,ARAI,34.6913,137.5604,6,450,静岡県,KiK-net11A,
KiK-net,SZOH26,袋井,FUKUROI,34.7948,137.9034,23,450,静岡県,KiK-net18,
KiK-net,SZOH28,浜松,HAMAMATSU,34.6683,137.7441,5,996,静岡県,KiK-net11A,
KiK-net,SZOH29,静岡北,SHIZUOKA-N,35.3070,138.1973,880,102,静岡県,KiK-net11A,
KiK-net,SZOH30,水窪北,MISAKUBO-N,35.2233,137.9181,540,102,静岡県,KiK-net11B,
KiK-net,SZOH31,川根,KAWANE,34.9398,138.0767,145,102,静岡県,KiK-net18,
KiK-net,SZOH32,龍山東,TATSUYAMA-E,35.0086,137.8409,325,103,静岡県,KiK-net11B,
KiK-net,SZOH33,静岡南,SHIZUOKA-S,35.0146,138.3526,50,102,静岡県,KiK-net11B,
KiK-net,SZOH34,清水北,SHIMIZU-N,35.1304,138.4243,540,119,静岡県,KiK-net11B,
KiK-net,SZOH35,伊東中,ITO-C,34.9467,139.0855,140,300,静岡県,KiK-net11A,
KiK-net,SZOH36,藤枝,FUJIEDA,34.9142,138.2008,90,100,静岡県,KiK-net18,
KiK-net,SZOH37,芝川,SHIBAKAWA,35.2028,138.5659,80,304,静岡県,KiK-net11A,
KiK-net,SZOH38,函南,KANNAMI,35.0854,138.9779,100,200,静岡県,KiK-net11A,
KiK-net,SZOH39,西伊豆西,NISHIIZU-W,34.7988,138.7724,130,103,静岡県,KiK-net18,
KiK-net,SZOH40,河津,KAWAZU,34.7832,138.9700,235,207,静岡県,KiK-net11A,
KiK-net,SZOH41,南伊豆,MINAMIIZU,34.6749,138.8340,60,109,静岡県,KiK-net18,
KiK-net,SZOH42,修善寺,SHUZENJI,34.9756,138.9128,250,203,静岡県,KiK-net11A,
KiK-net,SZOH43,清水南,SHIMIZU-S,34.9739,138.4924,20,239,静岡県,KiK-net11A,
KiK-net,SZOH53,掛川3,KAKEGAWA3,34.8768,138.0174,182,100,静岡県,KiK-net11B,
KiK-net,SZOH54,初島2,HATSUSHIMA2,35.0417,139.1685,20,110,静岡県,KiK-net18,
K-NET,TCG001,黒磯,KUROISO,36.9432,140.0825,253,-,栃木県,K-NET11A,
K-NET,TCG002,塩原,SHIOBARA,36.9903,139.8029,619,-,栃木県,K-NET11A,
K-NET,TCG003,藤原,FUJIWARA,36.8153,139.7184,403,-,栃木県,K-NET11A,
K-NET,TCG004,湯元,YUMOTO,36.8065,139.4221,1492,-,栃木県,K-NET11A,
K-NET,TCG005,矢板,YAITA,36.8061,139.9264,196,-,栃木県,K-NET11A,
K-NET,TCG006,小川,OGAWA,36.7638,140.1295,122,-,栃木県,K-NET11A,
K-NET,TCG007,宇都宮,UTSUNOMIYA,36.5677,139.8873,136,-,栃木県,K-NET11A,
K-NET,TCG008,鹿沼,KANUMA,36.5600,139.7676,152,-,栃木県,K-NET11A,
K-NET,TCG009,今市,IMAICHI,36.7261,139.7159,361,-,栃木県,K-NET11A,
K-NET,TCG010,足尾,ASHIO,36.6348,139.4379,637,-,栃木県,K-NET11A,
K-NET,TCG011,葛生,KUZUU,36.3869,139.6144,93,-,栃木県,K-NET11A,
K-NET,TCG012,小山,OYAMA,36.2863,139.8048,34,-,栃木県,K-NET11A,
K-NET,TCG013,真岡,MOKA,36.4368,140.0227,66,-,栃木県,K-NET11A,
K-NET,TCG014,茂木,MOTEGI,36.5428,140.1804,139,-,栃木県,K-NET11A,
K-NET,TCG015,芹沼,SERINUMA,36.7488,139.7144,343,-,栃木県,K-NET11A,
K-NET,TCG016,北高岡,KITATAKAOKA,36.5288,140.1558,135,-,栃木県,K-NET11A,
KiK-net,TCGH06,真岡,MOKA,36.4458,139.9509,70,1648,栃木県,KiK-net18,
KiK-net,TCGH07,栗山西,KURIYAMA-W,36.8817,139.4534,1085,100,栃木県,KiK-net11B,
KiK-net,TCGH08,栗山東,KURIYAMA-E,36.8828,139.6459,702,203,栃木県,KiK-net11A,
KiK-net,TCGH09,矢板,YAITA,36.8625,139.8364,564,103,栃木県,KiK-net11C,
KiK-net,TCGH10,大田原,OTAWARA,36.8578,140.0225,203,132,栃木県,---,休止
KiK-net,TCGH11,今市,IMAICHI,36.7084,139.7694,290,200,栃木県,KiK-net11A,
KiK-net,TCGH12,氏家,UJIIE,36.6959,139.9842,162,120,栃木県,KiK-net11C,
KiK-net,TCGH13,馬頭,BATO,36.7342,140.1781,135,140,栃木県,KiK-net11C,
KiK-net,TCGH14,粟野,AWANO,36.5509,139.6154,180,100,栃木県,KiK-net11A,
KiK-net,TCGH15,宇都宮,UTSUNOMIYA,36.5595,139.8637,125,300,栃木県,KiK-net11B,
KiK-net,TCGH16,芳賀,HAGA,36.5480,140.0751,105,112,栃木県,KiK-net11A,
KiK-net,TCGH17,藤原2,FUJIHARA2,36.9853,139.6922,635,104,栃木県,KiK-net18,
KiK-net,TCGH19,大田原2,OHTAWARA2,36.9060,140.1119,204,100,栃木県,KiK-net11A,
KiK-net,TKCH01,陸別,RIKUBETSU,43.4683,143.6830,251,123,北海道,KiK-net18,
KiK-net,TKCH02,足寄東,ASHORO-E,43.3822,143.8983,328,103,北海道,KiK-net18,
KiK-net,TKCH03,足寄西,ASHORO-W,43.2708,143.4317,199,200,北海道,KiK-net11B,
KiK-net,TKCH04,新得南,SHINTOKU-S,43.1739,142.9176,220,172,北海道,KiK-net18,
KiK-net,TKCH05,本別,HOMBETSU,43.1211,143.6181,65,100,北海道,KiK-net18,
KiK-net,TKCH06,芽室,MEMURO,42.8920,143.0603,97,227,北海道,KiK-net18,
KiK-net,TKCH07,豊頃,TOYOKORO,42.8114,143.5203,9,100,北海道,KiK-net18,
KiK-net,TKCH08,大樹,TAIKI,42.4865,143.1520,360,100,北海道,KiK-net11B,
KiK-net,TKCH10,新得北,SHINTOKU-N,43.3337,142.9448,365,100,北海道,KiK-net18,
KiK-net,TKCH11,清水,SHIMIZU,42.8742,142.8830,419,100,北海道,KiK-net18,
K-NET,TKS001,鳴門,NARUTO,34.2034,134.6096,2,-,徳島県,K-NET11A,
K-NET,TKS002,徳島,TOKUSHIMA,34.0439,134.5820,2,-,徳島県,K-NET11A,
K-NET,TKS003,阿南,ANAN,33.8716,134.6040,13,-,徳島県,K-NET11A,
K-NET,TKS004,由岐,YUKI,33.7750,134.5907,3,-,徳島県,K-NET11A,
K-NET,TKS005,上勝,KAMIKATSU,33.8788,134.3890,284,-,徳島県,K-NET11A,
K-NET,TKS006,牟岐,MUGI,33.6689,134.4191,2,-,徳島県,K-NET11A,
K-NET,TKS007,市場,ICHIBA,34.0903,134.2854,50,-,徳島県,K-NET11A,
K-NET,TKS008,木屋平,KOYADAIRA,33.9341,134.2113,337,-,徳島県,K-NET11A,
K-NET,TKS009,木頭,KITO,33.7722,134.1993,365,-,徳島県,K-NET11A,
K-NET,TKS010,貞光,SADAMITSU,34.0382,134.0614,54,-,徳島県,K-NET11A,
K-NET,TKS011,東祖谷山,HIGASHIIYAYAMA,33.8744,133.9219,550,-,徳島県,K-NET11A,
K-NET,TKS012,池田,IKEDA,34.0317,133.8064,128,-,徳島県,K-NET11A,
KiK-net,TKSH01,日和佐,HIWASA,33.7751,134.4994,155,100,徳島県,KiK-net11A,
KiK-net,TKSH02,貞光,SADAMITSU,34.0112,134.0918,190,100,徳島県,KiK-net11A,
KiK-net,TKSH03,木屋平,KOYADAIRA,33.8778,134.1294,640,201,徳島県,KiK-net11A,
KiK-net,TKSH04,徳島,TOKUSHIMA,33.9902,134.5337,10,100,徳島県,KiK-net11B,
KiK-net,TKSH05,海南,KAINAN,33.6628,134.3156,40,143,徳島県,KiK-net11B,
KiK-net,TKSH06,井川,IKAWA,33.9997,133.8933,605,157,徳島県,KiK-net11C,
K-NET,TKY001,氷川,HIKAWA,35.8031,139.0953,380,-,東京都,K-NET11A,
K-NET,TKY002,桧原,HINOHARA,35.7306,139.1454,291,-,東京都,K-NET11A,
K-NET,TKY003,青梅,OUME,35.7968,139.2916,179,-,東京都,K-NET11A,
K-NET,TKY004,八王子,HACHIOJI,35.6301,139.4034,81,-,東京都,K-NET11A,
K-NET,TKY005,町田,MACHIDA,35.5798,139.4137,106,-,東京都,K-NET11A,
K-NET,TKY006,小金井,KOGANEI,35.6989,139.5028,70,-,東京都,K-NET11A,
K-NET,TKY007,新宿,SHINJUKU,35.7111,139.6864,34,-,東京都,K-NET11A,
K-NET,TKY008,岡田,OKADA,34.7851,139.3909,65,-,東京都,K-NET11A,
K-NET,TKY009,波浮港,HABUMINATO,34.6867,139.4410,53,-,東京都,K-NET11A,
K-NET,TKY010,新島,NIIJIMA,34.3779,139.2573,16,-,東京都,K-NET11A,
K-NET,TKY011,神着,KAMITSUKI,34.1228,139.5315,42.1,-,東京都,---,休止
K-NET,TKY012,八丈,HACHIJO,33.1195,139.7986,62,-,東京都,K-NET11A,
K-NET,TKY013,砂町,SUNAMACHI,35.6627,139.8341,1,-,東京都,K-NET11A,
K-NET,TKY014,亀戸,KAMEIDO,35.7002,139.8351,-3,-,東京都,K-NET11A,
K-NET,TKY015,東白鬚,HIGASHISHIRAHIGE,35.7313,139.8119,4,-,東京都,K-NET11A,
K-NET,TKY016,東雲,SHINONOME,35.6486,139.7990,2,-,東京都,K-NET11A,
K-NET,TKY017,辰巳,TATSUMI,35.6473,139.8092,4,-,東京都,K-NET11A,
K-NET,TKY018,八枝,HACHIEDA,35.6553,139.8114,6,-,東京都,K-NET11A,
K-NET,TKY019,豊洲,TOYOSU,35.6538,139.7948,NA,-,東京都,---,休止
K-NET,TKY020,塩浜,SHIOHAMA,35.6646,139.8086,2,-,東京都,K-NET11A,
K-NET,TKY021,猿江,SARUE,35.6875,139.8190,1,-,東京都,K-NET11A,
K-NET,TKY022,横網,YOKOAMI,35.7002,139.7963,1,-,東京都,K-NET11A,
K-NET,TKY023,八広,YAHIRO,35.7259,139.8254,0,-,東京都,K-NET11A,
K-NET,TKY024,奥戸,OKUDO,35.7422,139.8612,3,-,東京都,K-NET11A,
K-NET,TKY025,篠崎,SHINOZAKI,35.7136,139.8972,1,-,東京都,K-NET11A,
K-NET,TKY026,宇喜田,UKITA,35.6707,139.8633,-2,-,東京都,K-NET11A,
K-NET,TKY027,瑞江,MIZUE,35.6930,139.8913,1,-,東京都,K-NET11A,
K-NET,TKY028,越中島,ECCHUJIMA,35.6698,139.7891,4,-,東京都,K-NET11A,
K-NET,TKY029,三宅,MIYAKE,34.0757,139.4789,32,-,東京都,K-NET11A,
K-NET,TKY030,赤坂,AKASAKA,35.6698,139.7360,13,-,東京都,K-NET18,
K-NET,TKY031,千駄ヶ谷,SENDAGAYA,35.6789,139.7070,29,-,東京都,K-NET18,
KiK-net,TKYH02,府中,FUCHU,35.6539,139.4704,45,2753,東京都,KiK-net18,
KiK-net,TKYH11,江東,KOTO,35.6114,139.8125,6,3000,東京都,KiK-net11A,
KiK-net,TKYH12,八王子,HACHIOJI,35.6701,139.2650,210,147,東京都,KiK-net11A,
KiK-net,TKYH13,檜原南,HINOHARA-S,35.7017,139.1275,360,100,東京都,KiK-net11B,
K-NET,TTR001,若桜,WAKASA,35.3398,134.4007,231,-,鳥取県,K-NET11A,
K-NET,TTR002,鳥取,TOTTORI,35.4859,134.2201,6,-,鳥取県,K-NET11A,
K-NET,TTR003,用瀬,MOCHIGASE,35.3432,134.2075,84,-,鳥取県,K-NET11A,
K-NET,TTR004,鹿野,SHIKANO,35.4606,134.0548,49,-,鳥取県,K-NET11A,
K-NET,TTR005,倉吉,KURAYOSHI,35.4298,133.8258,26,-,鳥取県,K-NET11A,
K-NET,TTR006,赤碕,AKASAKI,35.5144,133.6297,19,-,鳥取県,K-NET11A,
K-NET,TTR007,江府,KOFU,35.2836,133.4866,155,-,鳥取県,K-NET11A,
K-NET,TTR008,米子,YONAGO,35.4259,133.3301,2,-,鳥取県,K-NET11A,
K-NET,TTR009,日南,NICHINAN,35.1712,133.3118,293,-,鳥取県,K-NET11A,
KiK-net,TTRH01,智頭,CHIZU,35.2604,134.2173,230,200,鳥取県,KiK-net11A,
KiK-net,TTRH02,日野,HINO,35.2313,133.3909,410,100,鳥取県,KiK-net11A,
KiK-net,TTRH03,溝口,MIZOKUCHI,35.3553,133.4918,420,200,鳥取県,KiK-net11A,
KiK-net,TTRH04,赤碕,AKASAKI,35.4668,133.6307,114,207,鳥取県,KiK-net18,
KiK-net,TTRH05,岩美,IWAMI,35.5729,134.3426,15,152,鳥取県,KiK-net18,
KiK-net,TTRH06,河原,KAWAHARA,35.3946,134.1988,30,100,鳥取県,KiK-net18,
KiK-net,TTRH07,関金,SEKIGANE,35.3649,133.7486,135,100,鳥取県,KiK-net18,
K-NET,TYM001,境,SAKAI,36.9764,137.6257,11,-,富山県,K-NET11C,
K-NET,TYM002,氷見,HIMI,36.8659,136.9750,4,-,富山県,K-NET11C,
K-NET,TYM003,魚津,UOZU,36.8164,137.4200,47,-,富山県,K-NET11C,
K-NET,TYM004,宇奈月,UNAZUKI,36.8626,137.5274,116,-,富山県,K-NET11C,
K-NET,TYM005,新湊,SHINMINATO,36.7611,137.0931,1,-,富山県,K-NET11C,
K-NET,TYM006,小矢部,OYABE,36.6731,136.8974,27,-,富山県,K-NET11C,
K-NET,TYM007,富山,TOYAMA,36.6687,137.2123,17,-,富山県,K-NET11C,
K-NET,TYM008,大山,OHYAMA,36.6085,137.2826,128,-,富山県,K-NET11B,
K-NET,TYM009,八尾,YATSUO,36.5853,137.1403,77,-,富山県,K-NET11C,
K-NET,TYM010,福光,FUKUMITSU,36.5556,136.8883,79,-,富山県,K-NET11C,
K-NET,TYM011,芦弁,ASHIKURA,36.5780,137.3851,382,-,富山県,K-NET11B,
K-NET,TYM012,利賀,TOGA,36.4402,137.0395,669,-,富山県,K-NET11C,
KiK-net,TYMH01,氷見,HIMI,36.8866,136.9276,30,200,富山県,KiK-net18,
KiK-net,TYMH02,大門,DAIMON,36.7142,137.0378,5,212,富山県,KiK-net18,
KiK-net,TYMH03,富山,TOYAMA,36.7294,137.2627,8,581,富山県,KiK-net18,
KiK-net,TYMH04,魚津,UOZU,36.7914,137.4689,154,100,富山県,KiK-net18,
KiK-net,TYMH05,井波,INAMI,36.5736,136.9584,89,144,富山県,KiK-net18,
KiK-net,TYMH06,八尾,YATSUO,36.5711,137.1595,110,200,富山県,KiK-net18,
KiK-net,TYMH07,利賀,TOGA,36.4406,137.0392,670,100,富山県,KiK-net18,
K-NET,WKY001,和歌山,WAKAYAMA,34.2293,135.1694,11,-,和歌山県,K-NET11A,
K-NET,WKY002,那賀,NAGA,34.2755,135.4306,59,-,和歌山県,K-NET11A,
K-NET,WKY003,有田,ARIDA,34.0996,135.1161,3,-,和歌山県,K-NET11A,
K-NET,WKY004,清水,SHIMIZU,34.0841,135.4310,239,-,和歌山県,K-NET11A,
K-NET,WKY005,龍神,RYUJIN,33.8943,135.4885,315,-,和歌山県,K-NET11A,
K-NET,WKY006,御坊,GOBO,33.9146,135.1639,10,-,和歌山県,K-NET11A,
K-NET,WKY007,本宮,HONGU,33.8374,135.7736,60,-,和歌山県,K-NET11A,
K-NET,WKY008,田辺,TANABE,33.7289,135.3771,6,-,和歌山県,K-NET11A,
K-NET,WKY009,新宮,SHINGU,33.7208,135.9814,8,-,和歌山県,K-NET11A,
K-NET,WKY010,すさみ,SUSAMI,33.5499,135.4973,6,-,和歌山県,K-NET11A,
K-NET,WKY011,太地,TAIJI,33.5948,135.9462,10,-,和歌山県,K-NET11A,
K-NET,WKY012,串本,KUSHIMOTO,33.4719,135.7835,3,-,和歌山県,K-NET11A,
K-NET,WKY013,高野,KOYA,34.2159,135.5864,823,-,和歌山県,K-NET11A,
K-NET,WKY014,木守,KOMORI,33.7056,135.6396,431,-,和歌山県,K-NET11A,
KiK-net,WKYH01,広川,HIROGAWA,33.9804,135.2122,60,101,和歌山県,KiK-net11A,
KiK-net,WKYH02,花園,HANAZONO,34.1373,135.5369,400,100,和歌山県,KiK-net11A,
KiK-net,WKYH03,野上,NOKAMI,34.1314,135.3244,120,100,和歌山県,KiK-net11A,
KiK-net,WKYH04,すさみ,SUSAMI,33.5559,135.5454,130,100,和歌山県,KiK-net11A,
KiK-net,WKYH05,那智勝浦,NACHIKATSUURA,33.6072,135.8619,30,100,和歌山県,KiK-net11A,
KiK-net,WKYH06,大塔,OTO,33.6948,135.5953,218,100,和歌山県,KiK-net11A,
KiK-net,WKYH07,上富田,KAMITONDA,33.6894,135.4396,22,100,和歌山県,KiK-net11A,
KiK-net,WKYH08,那賀,NAGA,34.3228,135.4483,560,112,和歌山県,KiK-net11A,
KiK-net,WKYH09,和歌山,WAKAYAMA,34.2868,135.0714,5,200,和歌山県,KiK-net11A,
KiK-net,WKYH10,印南,INAMI,33.8248,135.2172,40,100,和歌山県,KiK-net11A,
K-NET,YMG001,須佐,SUSA,34.6172,131.6022,5,-,山口県,K-NET11A,
K-NET,YMG002,萩,HAGI,34.4077,131.3986,3,-,山口県,K-NET11A,
K-NET,YMG003,生雲中,IKUMONAKA,34.3830,131.5999,289,-,山口県,K-NET11A,
K-NET,YMG004,長門,NAGATO,34.3634,131.1865,24,-,山口県,K-NET11A,
K-NET,YMG005,豊北,HOHOKU,34.2907,130.9487,60,-,山口県,K-NET11A,
K-NET,YMG006,豊浦,TOYOURA,34.1487,130.9299,6,-,山口県,K-NET11A,
K-NET,YMG007,美祢,MINE,34.1659,131.2065,88,-,山口県,K-NET11A,
K-NET,YMG008,山口,YAMAGUCHI,34.0119,131.4099,5,-,山口県,K-NET11A,
K-NET,YMG009,鹿野,KANO,34.2260,131.8158,371,-,山口県,K-NET11A,
K-NET,YMG010,美川,MIKAWA,34.2303,131.9819,61,-,山口県,K-NET11A,
K-NET,YMG011,下関,SHIMONOSEKI,34.0643,131.0213,25,-,山口県,K-NET11A,
K-NET,YMG012,宇部,UBE,33.9943,131.2179,2,-,山口県,K-NET11A,
K-NET,YMG013,防府,HOFU,34.0313,131.5342,3,-,山口県,K-NET11A,
K-NET,YMG014,徳山,TOKUYAMA,34.0542,131.8077,15,-,山口県,K-NET11A,
K-NET,YMG015,玖珂,KUGA,34.0966,132.0761,64,-,山口県,K-NET11A,
K-NET,YMG016,岩国,IWAKUNI,34.1703,132.1764,7,-,山口県,K-NET11A,
K-NET,YMG017,柳井,YANAI,33.9649,132.1011,1,-,山口県,K-NET11A,
K-NET,YMG018,東和,TOWA,33.9091,132.3559,3,-,山口県,K-NET11A,
K-NET,YMG019,上関,KAMINOSEKI,33.8454,132.1204,63,-,山口県,K-NET11A,
KiK-net,YMGH01,防府,HOFU,34.0494,131.5618,35,200,山口県,KiK-net11A,
KiK-net,YMGH02,美祢,MINE,34.1111,131.1434,70,200,山口県,KiK-net11A,
KiK-net,YMGH03,岩国,IWAKUNI,34.1891,132.1260,85,200,山口県,KiK-net11A,
KiK-net,YMGH04,周東,SHUTO,34.0270,132.0626,175,100,山口県,KiK-net11A,
KiK-net,YMGH05,美川,MIKAWA,34.1974,131.9943,68,200,山口県,KiK-net11A,
KiK-net,YMGH06,宇部,UBE,33.9893,131.3012,80,200,山口県,KiK-net11A,
KiK-net,YMGH07,菊川,KIKUGAWA,34.1149,131.0506,30,200,山口県,KiK-net11A,
KiK-net,YMGH08,豊浦,TOYOURA,34.1349,130.9323,45,201,山口県,KiK-net11A,
KiK-net,YMGH09,田万川,TAMAGAWA,34.6257,131.6681,10,100,山口県,KiK-net11A,
KiK-net,YMGH10,むつみ,MUTSUMI,34.4837,131.6329,365,200,山口県,KiK-net11A,
KiK-net,YMGH11,徳地,TOKUJI,34.2091,131.6859,120,200,山口県,KiK-net11A,
KiK-net,YMGH12,美東,MITO,34.2176,131.3597,150,102,山口県,KiK-net18,
KiK-net,YMGH13,長門,NAGATO,34.3408,131.1770,42,200,山口県,KiK-net18,
KiK-net,YMGH14,萩,HAGI,34.3979,131.3774,5,100,山口県,KiK-net18,
KiK-net,YMGH15,徳山,TOKUYAMA,33.9725,131.8149,100,110,山口県,KiK-net18,
KiK-net,YMGH16,上関,KAMINOSEKI,33.8260,132.1040,65,106,山口県,KiK-net18,
KiK-net,YMGH17,東和,TOWA,33.9291,132.4046,5,100,山口県,KiK-net18,
K-NET,YMN001,丹波山,TABAYAMA,35.7895,138.9198,616.7,-,山梨県,K-NET11A,
K-NET,YMN002,大月,OHTSUKI,35.6133,138.9473,365,-,山梨県,K-NET11A,
K-NET,YMN003,富士吉田,FUJIYOSHIDA,35.4651,138.8129,846,-,山梨県,K-NET11A,
K-NET,YMN004,塩山,ENZAN,35.7025,138.7266,394,-,山梨県,K-NET11A,
K-NET,YMN005,甲府,KOFU,35.6551,138.5679,263,-,山梨県,K-NET11A,
K-NET,YMN006,本栖,MOTOSU,35.4685,138.6069,926,-,山梨県,K-NET11A,
K-NET,YMN007,南部,NAMBU,35.2790,138.4651,122,-,山梨県,K-NET11A,
K-NET,YMN008,早川,HAYAKAWA,35.4319,138.3321,394,-,山梨県,K-NET11A,
K-NET,YMN009,六郷,ROKUGO,35.4966,138.4628,230,-,山梨県,K-NET11A,
K-NET,YMN010,須玉,SUTAMA,35.7919,138.4182,521,-,山梨県,K-NET11A,
K-NET,YMN011,芦安,ASHIYASU,35.6384,138.3836,643,-,山梨県,K-NET11A,
KiK-net,YMNH08,西野原,NISHINOHARA,35.6895,138.7340,375,1206,山梨県,KiK-net18,
KiK-net,YMNH09,早川,HAYAKAWA,35.4327,138.3325,393,158,山梨県,KiK-net18,
KiK-net,YMNH10,早川北,HAYAKAWA-N,35.5351,138.3087,695,107,山梨県,KiK-net11A,
KiK-net,YMNH11,大月,OHTSUKI,35.6247,138.9777,465,200,山梨県,KiK-net18,
KiK-net,YMNH12,増穂,MASUHO,35.5623,138.4490,295,148,山梨県,KiK-net18,
KiK-net,YMNH13,身延,MINOBU,35.3509,138.4203,255,204,山梨県,KiK-net11A,
KiK-net,YMNH14,都留南,TSURU-S,35.5115,138.9675,1010,250,山梨県,KiK-net11A,
KiK-net,YMNH15,上九一色,KAMIKUISHIKI,35.5323,138.6045,525,116,山梨県,KiK-net11A,
KiK-net,YMNH16,甲府2,KOFU2,35.7421,138.5653,595,256,山梨県,KiK-net18,
K-NET,YMT001,酒田,SAKATA,38.9142,139.8123,2,-,山形県,K-NET11B,
K-NET,YMT002,新庄,SHINJO,38.7686,140.2965,101,-,山形県,K-NET11B,
K-NET,YMT003,鶴岡,TSURUOKA,38.7260,139.8023,16,-,山形県,K-NET11C,
K-NET,YMT004,温海,ATSUMI,38.6208,139.5889,6,-,山形県,K-NET11C,
K-NET,YMT005,肘折,HIJIORI,38.6079,140.1627,330,-,山形県,K-NET11B,
K-NET,YMT006,尾花沢,OBANAZAWA,38.6001,140.4057,96,-,山形県,K-NET11B,
K-NET,YMT007,東根,HIGASHINE,38.4302,140.3902,120,-,山形県,K-NET11B,
K-NET,YMT008,中村,NAKAMURA,38.3854,139.9924,452,-,山形県,K-NET11B,
K-NET,YMT009,寒河江,SAGAE,38.3902,140.2742,104,-,山形県,K-NET11B,
K-NET,YMT010,山形,YAMAGATA,38.2608,140.3484,147,-,山形県,K-NET11B,
K-NET,YMT011,上山,KAMINOYAMA,38.1484,140.2671,180,-,山形県,K-NET11B,
K-NET,YMT012,長井,NAGAI,38.1087,140.0430,198,-,山形県,K-NET11C,
K-NET,YMT013,小国,OGUNI,38.0631,139.7596,164,-,山形県,K-NET11C,
K-NET,YMT014,下屋地,SHIMOYACHI,37.9193,139.8816,366,-,山形県,K-NET11C,
K-NET,YMT015,米沢,YONEZAWA,37.9049,140.0990,252,-,山形県,K-NET11B,
K-NET,YMT016,清川,KIYOKAWA,38.7906,140.0207,26,-,山形県,K-NET11B,
K-NET,YMT017,新庄支所,SHINJO-SHISHO,38.7897,140.3121,127,-,山形県,K-NET11B,
KiK-net,YMTH01,天童,TENDO,38.3841,140.3805,113,207,山形県,KiK-net11A,
KiK-net,YMTH02,山形,YAMAGATA,38.2693,140.2583,130,150,山形県,KiK-net11A,
KiK-net,YMTH03,南陽,NANYO,38.1035,140.1553,278,114,山形県,KiK-net11A,
KiK-net,YMTH04,上山,KAMINOYAMA,38.0813,140.2978,315,100,山形県,KiK-net11A,
KiK-net,YMTH05,小国,OGUNI,37.9883,139.8017,280,107,山形県,KiK-net18,
KiK-net,YMTH06,高畠,TAKAHATA,37.9633,140.1836,233,145,山形県,KiK-net11,
KiK-net,YMTH07,米沢,YONEZAWA,37.8960,140.0278,352,200,山形県,KiK-net18,
KiK-net,YMTH08,八幡,YAWATA,38.9701,140.0333,115,106,山形県,KiK-net11A,
KiK-net,YMTH09,戸沢,TOZAWA,38.7498,140.1780,65,200,山形県,KiK-net11A,
KiK-net,YMTH10,舟形,FUNAGATA,38.7107,140.3744,105,204,山形県,KiK-net11A,
KiK-net,YMTH11,最上,MOGAMI,38.7132,140.5544,253,109,山形県,KiK-net18,
KiK-net,YMTH12,立川,TACHIKAWA,38.6357,140.0055,320,203,山形県,KiK-net18,
KiK-net,YMTH13,朝日,ASAHI,38.4704,139.7606,265,104,山形県,KiK-net11A,
KiK-net,YMTH14,西川西,NISHIKAWA-W,38.3860,139.9916,465,103,山形県,KiK-net11C,
KiK-net,YMTH15,西川東,NISHIKAWA-E,38.4257,140.1249,305,100,山形県,KiK-net11C,
